{
  "reportTitle": "BuildVision Project Report for St. John's University - Basketball Training Facility",
  "customerInformation": {
    "customerName": "Shawmut Design and Construction",
    "contactPerson": "Vimal Patel",
    "contactEmail": "vpatel@shawmut.com",
    "contactPhone": "",
    "projectId": "7de45a75-9cf0-4ba3-934d-354297ea9293",
    "additionalFields": {}
  },
  "projectInformation": {
    "projectName": "St. John's University - Basketball Training Facility",
    "location": "175-02 Union Turnpike, Jamaica, NY 11439",
    "startDate": "9/2/2025",
    "completionDate": "",
    "budget": "",
    "scope": "53800 sq. ft.",
    "projectUrl": "https://app.buildvision.io/admin/organizations/af293d30-3322-4f29-a141-1fabd2927d83/package-projects/7de45a75-9cf0-4ba3-934d-354297ea9293/packages",
    "additionalFields": {
      "projectId": "006.3926.400",
      "contractType": "",
      "bidStatus": "BuildingConnected Lead",
      "dateDue": "5/30/2025",
      "jobWalk": "",
      "rfisDue": "",
      "dateInvited": "6/18/2025",
      "requestType": "Proposal",
      "created": "6/18/2025"
    }
  },
  "preparerInformation": {
    "preparers": [
      {
        "name": "Ben Lyddane",
        "email": "Ben@BuildVision.io",
        "phone": "202-365-8628"
      },
      {
        "name": "Mackenzie Hoover",
        "email": "Mackenzie@buildvision.io",
        "phone": "843-609-3265"
      }
    ],
    "preparationDate": "2025-06-18"
  },
  "equipmentByType": [
    {
      "equipmentType": "DOAS with Energy Recovery",
      "notes": "Dedicated Outdoor Air Systems with energy recovery functionality",
      "items": [
        {
          "equipmentTag": "ASHP-2-1",
          "manufacturer": "Daikin Applied",
          "model": "DHSA031",
          "specifications": {}
        },
        {
          "equipmentTag": "ASHP-2-2",
          "manufacturer": "Daikin Applied",
          "model": "DHSA031",
          "specifications": {}
        },
        {
          "equipmentTag": "ASHP-2-3",
          "manufacturer": "Daikin Applied",
          "model": "DHSA031",
          "specifications": {}
        }
      ]
    },
    {
      "equipmentType": "Air-Source Unitary Heat Pumps",
      "notes": "Packaged heat pump units for heating and cooling",
      "items": [
        {
          "equipmentTag": "ASHP-2-4",
          "manufacturer": "Daikin Applied",
          "model": "DPSH25B",
          "specifications": {}
        },
        {
          "equipmentTag": "DOAS-2-1",
          "manufacturer": "Daikin Applied",
          "model": "DPSH25B",
          "specifications": {}
        }
      ]
    },
    {
      "equipmentType": "Liquid Coolers",
      "notes": "Cooling equipment for liquid-based systems",
      "items": [
        {
          "equipmentTag": "DCU-2-1",
          "manufacturer": "Dectron",
          "model": "NG-V-01",
          "specifications": {}
        }
      ]
    },
    {
      "equipmentType": "Dehumidifiers",
      "notes": "Humidity control equipment",
      "items": [
        {
          "equipmentTag": "DH-1-1",
          "manufacturer": "Dectron",
          "model": "DS-010-NP",
          "specifications": {}
        }
      ]
    },
    {
      "equipmentType": "Variable Refrigerant Flow Systems",
      "notes": "VRF systems for heating and cooling",
      "items": [
        {
          "equipmentTag": "AC-A",
          "manufacturer": "Daikin Comfort Technologies (VRV and Mini Split)",
          "model": "FXZA05",
          "specifications": {}
        },
        {
          "equipmentTag": "AC-B",
          "manufacturer": "Daikin Comfort Technologies (VRV and Mini Split)",
          "model": "FXZA07",
          "specifications": {}
        },
        {
          "equipmentTag": "AC-F",
          "manufacturer": "Daikin Comfort Technologies (VRV and Mini Split)",
          "model": "FXZA18",
          "specifications": {}
        },
        {
          "equipmentTag": "AC-Y",
          "manufacturer": "Daikin Comfort Technologies (VRV and Mini Split)",
          "model": "FBA24",
          "specifications": {}
        },
        {
          "equipmentTag": "AC-Z",
          "manufacturer": "Daikin Comfort Technologies (VRV and Mini Split)",
          "model": "FXSA12",
          "specifications": {}
        }
      ]
    },
    {
      "equipmentType": "VRF Indoor Units - Ducted",
      "notes": "Ducted indoor units for VRF systems",
      "items": [
        {
          "equipmentTag": "AC-C",
          "manufacturer": "Daikin Comfort Technologies (VRV and Mini Split)",
          "model": "FXZA09AAVJU",
          "specifications": {}
        },
        {
          "equipmentTag": "AC-X",
          "manufacturer": "Daikin Comfort Technologies (VRV and Mini Split)",
          "model": "FXMA48",
          "specifications": {}
        }
      ]
    },
    {
      "equipmentType": "VRF Indoor Units - Ductless",
      "notes": "Ductless indoor units for VRF systems",
      "items": [
        {
          "equipmentTag": "AC-D",
          "manufacturer": "Daikin Comfort Technologies (VRV and Mini Split)",
          "model": "FXZA12",
          "specifications": {}
        },
        {
          "equipmentTag": "AC-E",
          "manufacturer": "Daikin Comfort Technologies (VRV and Mini Split)",
          "model": "FXZA15",
          "specifications": {}
        },
        {
          "equipmentTag": "AC-G",
          "manufacturer": "Daikin Comfort Technologies (VRV and Mini Split)",
          "model": "FXAA18",
          "specifications": {}
        }
      ]
    },
    {
      "equipmentType": "VRF Outdoor Units",
      "notes": "Outdoor condensing units for VRF systems",
      "items": [
        {
          "equipmentTag": "CU-A",
          "manufacturer": "Daikin Comfort Technologies (VRV and Mini Split)",
          "model": "REYA72",
          "specifications": {}
        },
        {
          "equipmentTag": "CU-B",
          "manufacturer": "Daikin Comfort Technologies (VRV and Mini Split)",
          "model": "REYA96",
          "specifications": {}
        },
        {
          "equipmentTag": "CU-C",
          "manufacturer": "Daikin Comfort Technologies (VRV and Mini Split)",
          "model": "REYA144",
          "specifications": {}
        },
        {
          "equipmentTag": "CU-D",
          "manufacturer": "Daikin Comfort Technologies (VRV and Mini Split)",
          "model": "REYA192",
          "specifications": {}
        },
        {
          "equipmentTag": "CU-E",
          "manufacturer": "Daikin Comfort Technologies (VRV and Mini Split)",
          "model": "RXTA24",
          "specifications": {}
        }
      ]
    },
    {
      "equipmentType": "Centrifugal HVAC Fans",
      "notes": "Centrifugal fans for air circulation",
      "items": [
        {
          "equipmentTag": "DEX-2-1",
          "manufacturer": "LF Systems",
          "model": "LES008",
          "specifications": {}
        }
      ]
    },
    {
      "equipmentType": "HVAC Fans",
      "notes": "Various HVAC fans",
      "items": [
        {
          "equipmentTag": "EF2-1",
          "manufacturer": "Greenheck",
          "model": "CUE-100HP-VG",
          "specifications": {}
        }
      ]
    },
    {
      "equipmentType": "Single-Duct VAV Terminal Units",
      "notes": "Variable air volume terminal units for air distribution",
      "items": [
        {
          "equipmentTag": "EAV-A",
          "manufacturer": "Price Industries",
          "model": "SDE 4",
          "specifications": {}
        },
        {
          "equipmentTag": "EAV-B",
          "manufacturer": "Price Industries",
          "model": "SDE 5",
          "specifications": {}
        },
        {
          "equipmentTag": "EAV-C",
          "manufacturer": "Price Industries",
          "model": "SDE 6",
          "specifications": {}
        },
        {
          "equipmentTag": "EAV-D",
          "manufacturer": "Price Industries",
          "model": "SDE 7",
          "specifications": {}
        },
        {
          "equipmentTag": "EAV-E",
          "manufacturer": "Price Industries",
          "model": "SDE 8",
          "specifications": {}
        },
        {
          "equipmentTag": "EAV-F",
          "manufacturer": "Price Industries",
          "model": "SDE 10",
          "specifications": {}
        },
        {
          "equipmentTag": "EAV-G",
          "manufacturer": "Price Industries",
          "model": "SDE 12",
          "specifications": {}
        },
        {
          "equipmentTag": "EAV-H",
          "manufacturer": "Price Industries",
          "model": "SDE 14",
          "specifications": {}
        },
        {
          "equipmentTag": "VAV-A",
          "manufacturer": "Titus",
          "model": "DESV 5",
          "specifications": {}
        },
        {
          "equipmentTag": "VAV-B",
          "manufacturer": "Titus",
          "model": "DESV 6",
          "specifications": {}
        },
        {
          "equipmentTag": "VAV-C",
          "manufacturer": "Titus",
          "model": "DESV 7",
          "specifications": {}
        },
        {
          "equipmentTag": "VAV-D",
          "manufacturer": "Titus",
          "model": "DESV 8",
          "specifications": {}
        },
        {
          "equipmentTag": "VAV-E",
          "manufacturer": "Titus",
          "model": "DESV 12",
          "specifications": {}
        }
      ]
    },
    {
      "equipmentType": "Fan-Powered VAV Terminal Units",
      "notes": "Fan-powered variable air volume terminal units",
      "items": [
        {
          "equipmentTag": "FPB-A",
          "manufacturer": "Titus",
          "model": "DTQP",
          "specifications": {}
        }
      ]
    },
    {
      "equipmentType": "Electric Baseboard Heaters",
      "notes": "Electric baseboard heating units",
      "items": [
        {
          "equipmentTag": "EBB 1-1",
          "manufacturer": "Stelpro",
          "model": "AALUX215077",
          "specifications": {}
        },
        {
          "equipmentTag": "EBB 1-2",
          "manufacturer": "Stelpro",
          "model": "AALUX215077",
          "specifications": {}
        },
        {
          "equipmentTag": "EBB 1-3",
          "manufacturer": "Stelpro",
          "model": "AALUX206038",
          "specifications": {}
        },
        {
          "equipmentTag": "EBB 1-4",
          "manufacturer": "Stelpro",
          "model": "AALUX327227",
          "specifications": {}
        },
        {
          "equipmentTag": "EBB 1-5",
          "manufacturer": "Stelpro",
          "model": "AALUX206038",
          "specifications": {}
        },
        {
          "equipmentTag": "EBB 1-6",
          "manufacturer": "Stelpro",
          "model": "AALUX324207",
          "specifications": {}
        },
        {
          "equipmentTag": "EBB 1-7",
          "manufacturer": "Stelpro",
          "model": "AALUX324207",
          "specifications": {}
        },
        {
          "equipmentTag": "EBB 1-8",
          "manufacturer": "Stelpro",
          "model": "AALUX209047",
          "specifications": {}
        },
        {
          "equipmentTag": "EBB 2-1",
          "manufacturer": "Stelpro",
          "model": "AALUX206038",
          "specifications": {}
        },
        {
          "equipmentTag": "EBB 2-10",
          "manufacturer": "Stelpro",
          "model": "AALUX206038",
          "specifications": {}
        },
        {
          "equipmentTag": "EBB 2-11",
          "manufacturer": "Stelpro",
          "model": "AALUX221107",
          "specifications": {}
        },
        {
          "equipmentTag": "EBB 2-12",
          "manufacturer": "Stelpro",
          "model": "AALUX221107",
          "specifications": {}
        },
        {
          "equipmentTag": "EBB 2-2",
          "manufacturer": "Stelpro",
          "model": "AALUX227137",
          "specifications": {}
        },
        {
          "equipmentTag": "EBB 2-3",
          "manufacturer": "Stelpro",
          "model": "AALUX224127",
          "specifications": {}
        },
        {
          "equipmentTag": "EBB 2-4",
          "manufacturer": "Stelpro",
          "model": "AALUX218097",
          "specifications": {}
        },
        {
          "equipmentTag": "EBB 2-5",
          "manufacturer": "Stelpro",
          "model": "AALUX224127",
          "specifications": {}
        },
        {
          "equipmentTag": "EBB 2-6",
          "manufacturer": "Stelpro",
          "model": "AALUX224127",
          "specifications": {}
        },
        {
          "equipmentTag": "EBB 2-7",
          "manufacturer": "Stelpro",
          "model": "AALUX218097",
          "specifications": {}
        },
        {
          "equipmentTag": "EBB 2-8",
          "manufacturer": "Stelpro",
          "model": "AALUX224127",
          "specifications": {}
        },
        {
          "equipmentTag": "EBB 2-9",
          "manufacturer": "Stelpro",
          "model": "AALUX227137",
          "specifications": {}
        }
      ]
    },
    {
      "equipmentType": "Electric Unit Heaters",
      "notes": "Electric unit heaters for space heating",
      "items": [
        {
          "equipmentTag": "EUH 1-1",
          "manufacturer": "Indeeco",
          "model": "941IF",
          "specifications": {}
        },
        {
          "equipmentTag": "EUH 1-2",
          "manufacturer": "Indeeco",
          "model": "941IF",
          "specifications": {}
        },
        {
          "equipmentTag": "EUH 1-3",
          "manufacturer": "Indeeco",
          "model": "941IF",
          "specifications": {}
        },
        {
          "equipmentTag": "EUH 1-4",
          "manufacturer": "Indeeco",
          "model": "941IF",
          "specifications": {}
        },
        {
          "equipmentTag": "EUH 1-5",
          "manufacturer": "Indeeco",
          "model": "941IF",
          "specifications": {}
        },
        {
          "equipmentTag": "EUH 1-6",
          "manufacturer": "Indeeco",
          "model": "925IU",
          "specifications": {}
        },
        {
          "equipmentTag": "EUH 2-1",
          "manufacturer": "Indeeco",
          "model": "925IU",
          "specifications": {}
        }
      ]
    },
    {
      "equipmentType": "Small-Capacity Split-System Air-Conditioners",
      "notes": "Small split system air conditioning units",
      "items": [
        {
          "equipmentTag": "SS-A",
          "manufacturer": "Daikin Comfort Technologies (VRV and Mini Split)",
          "model": "FTXV12",
          "specifications": {}
        },
        {
          "equipmentTag": "SS-B",
          "manufacturer": "Daikin Comfort Technologies (VRV and Mini Split)",
          "model": "FTXV18",
          "specifications": {}
        },
        {
          "equipmentTag": "SS-C",
          "manufacturer": "Daikin Comfort Technologies (VRV and Mini Split)",
          "model": "FTXV24",
          "specifications": {}
        },
        {
          "equipmentTag": "SS-D",
          "manufacturer": "Daikin Comfort Technologies (VRV and Mini Split)",
          "model": "FCA30",
          "specifications": {}
        }
      ]
    },
    {
      "equipmentType": "Split System Air Conditioners",
      "notes": "Standard split system air conditioning units",
      "items": [
        {
          "equipmentTag": "SS-E",
          "manufacturer": "Daikin Applied",
          "model": "RXTQ36TBVJUA",
          "specifications": {}
        }
      ]
    }
  ],
  "suppliers": [
    {
      "componentType": "DOAS with Energy Recovery",
      "suppliers": [
        {
          "manufacturer": "Daikin Applied",
          "model": "DHSA031",
          "isBasisOfDesign": true,
          "isListedAlternate": false,
          "representativeInfo": {
            "name": "",
            "company": "",
            "contact": ""
          },
          "costDifference": "",
          "compatibilityNotes": "Basis of Design manufacturer listed on mechanical schedules for DOAS with Energy Recovery equipment tags ASHP-2-1, ASHP-2-2, ASHP-2-3"
        },
        {
          "manufacturer": "Nortek - Governaire",
          "model": "",
          "isBasisOfDesign": false,
          "isListedAlternate": true,
          "representativeInfo": {
            "name": "",
            "company": "",
            "contact": ""
          },
          "costDifference": "",
          "compatibilityNotes": "Listed as acceptable manufacturer in specifications for packaged rooftop heat pumps with energy recovery"
        },
        {
          "manufacturer": "Seasons 4",
          "model": "",
          "isBasisOfDesign": false,
          "isListedAlternate": true,
          "representativeInfo": {
            "name": "",
            "company": "",
            "contact": ""
          },
          "costDifference": "",
          "compatibilityNotes": "Listed as acceptable manufacturer in specifications for packaged rooftop heat pumps with energy recovery"
        },
        {
          "manufacturer": "Engineered Air",
          "model": "",
          "isBasisOfDesign": false,
          "isListedAlternate": true,
          "representativeInfo": {
            "name": "",
            "company": "",
            "contact": ""
          },
          "costDifference": "",
          "compatibilityNotes": "Listed as acceptable manufacturer in specifications for packaged rooftop heat pumps with energy recovery"
        },
        {
          "manufacturer": "Energy Labs",
          "model": "",
          "isBasisOfDesign": false,
          "isListedAlternate": true,
          "representativeInfo": {
            "name": "",
            "company": "",
            "contact": ""
          },
          "costDifference": "",
          "compatibilityNotes": "Listed as acceptable manufacturer in specifications for packaged rooftop heat pumps with energy recovery"
        },
        {
          "manufacturer": "Greenheck",
          "model": "",
          "isBasisOfDesign": false,
          "isListedAlternate": false,
          "representativeInfo": {
            "name": "",
            "company": "",
            "contact": ""
          },
          "costDifference": "",
          "compatibilityNotes": "Suggested alternate - established manufacturer of air handling equipment with energy recovery capabilities"
        },
        {
          "manufacturer": "Trane",
          "model": "",
          "isBasisOfDesign": false,
          "isListedAlternate": false,
          "representativeInfo": {
            "name": "",
            "company": "",
            "contact": ""
          },
          "costDifference": "",
          "compatibilityNotes": "Suggested alternate - major HVAC manufacturer with comprehensive DOAS and energy recovery product lines"
        }
      ]
    },
    {
      "componentType": "Air-Source Unitary Heat Pumps",
      "suppliers": [
        {
          "manufacturer": "Daikin Applied",
          "model": "DPSH25B",
          "isBasisOfDesign": true,
          "isListedAlternate": false,
          "representativeInfo": {
            "name": "",
            "company": "",
            "contact": ""
          },
          "costDifference": "",
          "compatibilityNotes": "Basis of Design for Air-Source Unitary Heat Pumps as shown on mechanical schedules"
        },
        {
          "manufacturer": "Nortek - Governaire",
          "model": "",
          "isBasisOfDesign": false,
          "isListedAlternate": true,
          "representativeInfo": {
            "name": "",
            "company": "",
            "contact": ""
          },
          "costDifference": "",
          "compatibilityNotes": "Listed as approved manufacturer in Section 23 74 00"
        },
        {
          "manufacturer": "Seasons 4",
          "model": "",
          "isBasisOfDesign": false,
          "isListedAlternate": true,
          "representativeInfo": {
            "name": "",
            "company": "",
            "contact": ""
          },
          "costDifference": "",
          "compatibilityNotes": "Listed as approved manufacturer in Section 23 74 00"
        },
        {
          "manufacturer": "Engineered Air",
          "model": "",
          "isBasisOfDesign": false,
          "isListedAlternate": true,
          "representativeInfo": {
            "name": "",
            "company": "",
            "contact": ""
          },
          "costDifference": "",
          "compatibilityNotes": "Listed as approved manufacturer in Section 23 74 00"
        },
        {
          "manufacturer": "Energy Labs",
          "model": "",
          "isBasisOfDesign": false,
          "isListedAlternate": true,
          "representativeInfo": {
            "name": "",
            "company": "",
            "contact": ""
          },
          "costDifference": "",
          "compatibilityNotes": "Listed as approved manufacturer in Section 23 74 00"
        },
        {
          "manufacturer": "Trane",
          "model": "",
          "isBasisOfDesign": false,
          "isListedAlternate": false,
          "representativeInfo": {
            "name": "",
            "company": "",
            "contact": ""
          },
          "costDifference": "+3%",
          "compatibilityNotes": "Suitable alternative manufacturer with proven track record in packaged rooftop heat pumps"
        },
        {
          "manufacturer": "Carrier",
          "model": "",
          "isBasisOfDesign": false,
          "isListedAlternate": false,
          "representativeInfo": {
            "name": "",
            "company": "",
            "contact": ""
          },
          "costDifference": "+2%",
          "compatibilityNotes": "Well-established manufacturer with compatible rooftop heat pump units"
        },
        {
          "manufacturer": "York",
          "model": "",
          "isBasisOfDesign": false,
          "isListedAlternate": false,
          "representativeInfo": {
            "name": "",
            "company": "",
            "contact": ""
          },
          "costDifference": "+4%",
          "compatibilityNotes": "Alternative manufacturer offering similar performance specifications"
        }
      ]
    },
    {
      "componentType": "Liquid Coolers",
      "suppliers": [
        {
          "manufacturer": "Dectron",
          "model": "NG-V-01",
          "isBasisOfDesign": true,
          "isListedAlternate": false,
          "representativeInfo": {
            "name": "",
            "company": "",
            "contact": ""
          },
          "costDifference": "",
          "compatibilityNotes": "Liquid cooler for natatorium dehumidification system with 25.7 MBH cooling capacity, 16.7 MBH sensible capacity"
        },
        {
          "manufacturer": "Baltimore Aircoil",
          "model": "BAC Liquid Cooler",
          "isBasisOfDesign": false,
          "isListedAlternate": true,
          "representativeInfo": {
            "name": "",
            "company": "",
            "contact": ""
          },
          "costDifference": "",
          "compatibilityNotes": "Alternative liquid cooler suitable for fluid cooling applications with glycol loops"
        },
        {
          "manufacturer": "EVAPCO",
          "model": "ATC/ALS Series",
          "isBasisOfDesign": false,
          "isListedAlternate": false,
          "representativeInfo": {
            "name": "",
            "company": "",
            "contact": ""
          },
          "costDifference": "",
          "compatibilityNotes": "Fluid cooler for closed circuit cooling systems, compatible with EWT 40°F-115°F operating range"
        },
        {
          "manufacturer": "SPX Cooling Technologies",
          "model": "Marley Fluid Cooler",
          "isBasisOfDesign": false,
          "isListedAlternate": false,
          "representativeInfo": {
            "name": "",
            "company": "",
            "contact": ""
          },
          "costDifference": "",
          "compatibilityNotes": "Dry cooler suitable for heat rejection applications in VRF and dehumidification systems"
        }
      ]
    },
    {
      "componentType": "Dehumidifiers",
      "suppliers": [
        {
          "manufacturer": "Dectron",
          "model": "DS-010-NP",
          "isBasisOfDesign": true,
          "isListedAlternate": false,
          "representativeInfo": {
            "name": "",
            "company": "",
            "contact": ""
          },
          "costDifference": "",
          "compatibilityNotes": "Indoor fluid cooled natatorium dehumidifier with remote dry cooler"
        },
        {
          "manufacturer": "Phoenix",
          "model": "",
          "isBasisOfDesign": false,
          "isListedAlternate": true,
          "representativeInfo": {
            "name": "",
            "company": "",
            "contact": ""
          },
          "costDifference": "",
          "compatibilityNotes": "Listed as acceptable manufacturer in general exhaust VAV box specification"
        },
        {
          "manufacturer": "Desert Aire",
          "model": "",
          "isBasisOfDesign": false,
          "isListedAlternate": false,
          "representativeInfo": {
            "name": "",
            "company": "",
            "contact": ""
          },
          "costDifference": "+5%",
          "compatibilityNotes": "Well-known natatorium dehumidification specialist with similar capacity units available"
        },
        {
          "manufacturer": "Munters",
          "model": "",
          "isBasisOfDesign": false,
          "isListedAlternate": false,
          "representativeInfo": {
            "name": "",
            "company": "",
            "contact": ""
          },
          "costDifference": "+8%",
          "compatibilityNotes": "Global leader in humidity control with suitable pool dehumidification systems"
        },
        {
          "manufacturer": "Bry-Air",
          "model": "",
          "isBasisOfDesign": false,
          "isListedAlternate": false,
          "representativeInfo": {
            "name": "",
            "company": "",
            "contact": ""
          },
          "costDifference": "+3%",
          "compatibilityNotes": "Industrial dehumidification manufacturer with pool environment solutions"
        }
      ]
    },
    {
      "componentType": "Variable Refrigerant Flow Systems",
      "suppliers": [
        {
          "manufacturer": "Daikin Comfort Technologies (VRV and Mini Split)",
          "model": "VRV System (Various Models)",
          "isBasisOfDesign": true,
          "isListedAlternate": false,
          "representativeInfo": {
            "name": "",
            "company": "",
            "contact": ""
          },
          "costDifference": "",
          "compatibilityNotes": "Listed as BoD Manufacturer in mechanical schedules for VRF equipment tags AC-A through CU-E"
        },
        {
          "manufacturer": "LG",
          "model": "",
          "isBasisOfDesign": false,
          "isListedAlternate": true,
          "representativeInfo": {
            "name": "",
            "company": "",
            "contact": ""
          },
          "costDifference": "",
          "compatibilityNotes": "Listed as acceptable manufacturer in VRF specifications Section 23 81 29"
        },
        {
          "manufacturer": "Mitsubishi",
          "model": "",
          "isBasisOfDesign": false,
          "isListedAlternate": true,
          "representativeInfo": {
            "name": "",
            "company": "",
            "contact": ""
          },
          "costDifference": "",
          "compatibilityNotes": "Listed as acceptable manufacturer in VRF specifications Section 23 81 29"
        },
        {
          "manufacturer": "Toshiba",
          "model": "",
          "isBasisOfDesign": false,
          "isListedAlternate": true,
          "representativeInfo": {
            "name": "",
            "company": "",
            "contact": ""
          },
          "costDifference": "",
          "compatibilityNotes": "Listed as acceptable manufacturer in VRF specifications Section 23 81 29"
        },
        {
          "manufacturer": "Carrier",
          "model": "",
          "isBasisOfDesign": false,
          "isListedAlternate": false,
          "representativeInfo": {
            "name": "",
            "company": "",
            "contact": ""
          },
          "costDifference": "+3%",
          "compatibilityNotes": "Major VRF manufacturer with similar product offerings and performance capabilities"
        },
        {
          "manufacturer": "Johnson Controls/York",
          "model": "",
          "isBasisOfDesign": false,
          "isListedAlternate": false,
          "representativeInfo": {
            "name": "",
            "company": "",
            "contact": ""
          },
          "costDifference": "+2%",
          "compatibilityNotes": "Established manufacturer with VRF systems suitable for commercial applications"
        }
      ]
    },
    {
      "componentType": "VRF Indoor Units - Ducted",
      "suppliers": [
        {
          "manufacturer": "Daikin Comfort Technologies (VRV and Mini Split)",
          "model": "FXZA09AAVJU",
          "isBasisOfDesign": true,
          "isListedAlternate": false,
          "representativeInfo": {
            "name": "",
            "company": "",
            "contact": ""
          },
          "costDifference": "",
          "compatibilityNotes": "Listed as BoD in dashboard for unit AC-C"
        },
        {
          "manufacturer": "Daikin Comfort Technologies (VRV and Mini Split)",
          "model": "FXMA48",
          "isBasisOfDesign": true,
          "isListedAlternate": false,
          "representativeInfo": {
            "name": "",
            "company": "",
            "contact": ""
          },
          "costDifference": "",
          "compatibilityNotes": "Listed as BoD in dashboard for unit AC-X"
        },
        {
          "manufacturer": "LG",
          "model": "",
          "isBasisOfDesign": false,
          "isListedAlternate": true,
          "representativeInfo": {
            "name": "",
            "company": "",
            "contact": ""
          },
          "costDifference": "",
          "compatibilityNotes": "Listed as acceptable manufacturer in VRF specifications Section 23 81 29"
        },
        {
          "manufacturer": "Mitsubishi",
          "model": "",
          "isBasisOfDesign": false,
          "isListedAlternate": true,
          "representativeInfo": {
            "name": "",
            "company": "",
            "contact": ""
          },
          "costDifference": "",
          "compatibilityNotes": "Listed as acceptable manufacturer in VRF specifications Section 23 81 29"
        },
        {
          "manufacturer": "Toshiba",
          "model": "",
          "isBasisOfDesign": false,
          "isListedAlternate": true,
          "representativeInfo": {
            "name": "",
            "company": "",
            "contact": ""
          },
          "costDifference": "",
          "compatibilityNotes": "Listed as acceptable manufacturer in VRF specifications Section 23 81 29"
        },
        {
          "manufacturer": "Carrier",
          "model": "",
          "isBasisOfDesign": false,
          "isListedAlternate": false,
          "representativeInfo": {
            "name": "",
            "company": "",
            "contact": ""
          },
          "costDifference": "+3%",
          "compatibilityNotes": "Suitable alternative for VRF indoor ducted units with comparable performance characteristics"
        },
        {
          "manufacturer": "Fujitsu General",
          "model": "",
          "isBasisOfDesign": false,
          "isListedAlternate": false,
          "representativeInfo": {
            "name": "",
            "company": "",
            "contact": ""
          },
          "costDifference": "+2%",
          "compatibilityNotes": "Alternative manufacturer offering VRF ducted indoor units with similar specifications"
        }
      ]
    },
    {
      "componentType": "Centrifugal HVAC Fans",
      "suppliers": [
        {
          "manufacturer": "LF Systems",
          "model": "LES008",
          "isBasisOfDesign": true,
          "isListedAlternate": false,
          "representativeInfo": {
            "name": "",
            "company": "",
            "contact": ""
          },
          "costDifference": "",
          "compatibilityNotes": "Listed as Basis of Design for DEX-2-1 in project dashboard and scheduled equipment"
        },
        {
          "manufacturer": "Greenheck",
          "model": "Variable based on specifications",
          "isBasisOfDesign": false,
          "isListedAlternate": true,
          "representativeInfo": {
            "name": "",
            "company": "",
            "contact": ""
          },
          "costDifference": "",
          "compatibilityNotes": "Listed as acceptable manufacturer for in-line centrifugal fans and laundry exhaust systems"
        },
        {
          "manufacturer": "Cook",
          "model": "Variable based on specifications",
          "isBasisOfDesign": false,
          "isListedAlternate": true,
          "representativeInfo": {
            "name": "",
            "company": "",
            "contact": ""
          },
          "costDifference": "",
          "compatibilityNotes": "Listed as acceptable manufacturer for in-line centrifugal fans and rooftop mushroom fans"
        },
        {
          "manufacturer": "Twin City",
          "model": "Variable based on specifications",
          "isBasisOfDesign": false,
          "isListedAlternate": false,
          "representativeInfo": {
            "name": "",
            "company": "",
            "contact": ""
          },
          "costDifference": "",
          "compatibilityNotes": "High quality centrifugal fan manufacturer suitable for HVAC applications with AMCA certification capability"
        },
        {
          "manufacturer": "Aerovent",
          "model": "Variable based on specifications",
          "isBasisOfDesign": false,
          "isListedAlternate": false,
          "representativeInfo": {
            "name": "",
            "company": "",
            "contact": ""
          },
          "costDifference": "",
          "compatibilityNotes": "Established centrifugal fan manufacturer with suitable products for commercial HVAC applications"
        }
      ]
    },
    {
      "componentType": "HVAC Fans",
      "suppliers": [
        {
          "manufacturer": "LF Systems",
          "model": "LES008",
          "isBasisOfDesign": true,
          "isListedAlternate": false,
          "representativeInfo": {
            "name": "",
            "company": "",
            "contact": ""
          },
          "costDifference": "",
          "compatibilityNotes": "Centrifugal HVAC Fan as shown in BuildVision dashboard for equipment tag DEX-2-1"
        },
        {
          "manufacturer": "Greenheck",
          "model": "CUE-100HP-VG",
          "isBasisOfDesign": true,
          "isListedAlternate": false,
          "representativeInfo": {
            "name": "",
            "company": "",
            "contact": ""
          },
          "costDifference": "",
          "compatibilityNotes": "HVAC Fan as shown in BuildVision dashboard for equipment tag EF2-1"
        },
        {
          "manufacturer": "Cook",
          "model": "Various models",
          "isBasisOfDesign": false,
          "isListedAlternate": true,
          "representativeInfo": {
            "name": "",
            "company": "",
            "contact": ""
          },
          "costDifference": "",
          "compatibilityNotes": "Listed as acceptable manufacturer for in-line centrifugal fans and rooftop mushroom fans"
        },
        {
          "manufacturer": "Trane",
          "model": "Various models",
          "isBasisOfDesign": false,
          "isListedAlternate": true,
          "representativeInfo": {
            "name": "",
            "company": "",
            "contact": ""
          },
          "costDifference": "",
          "compatibilityNotes": "Listed as acceptable manufacturer for in-line centrifugal fans"
        },
        {
          "manufacturer": "Aerovent",
          "model": "Various models",
          "isBasisOfDesign": false,
          "isListedAlternate": true,
          "representativeInfo": {
            "name": "",
            "company": "",
            "contact": ""
          },
          "costDifference": "",
          "compatibilityNotes": "Listed as acceptable manufacturer for in-line centrifugal fans"
        },
        {
          "manufacturer": "Carrier",
          "model": "Various models",
          "isBasisOfDesign": false,
          "isListedAlternate": true,
          "representativeInfo": {
            "name": "",
            "company": "",
            "contact": ""
          },
          "costDifference": "",
          "compatibilityNotes": "Listed as acceptable manufacturer for in-line centrifugal fans and rooftop mushroom fans"
        },
        {
          "manufacturer": "Twin City",
          "model": "Various models",
          "isBasisOfDesign": false,
          "isListedAlternate": true,
          "representativeInfo": {
            "name": "",
            "company": "",
            "contact": ""
          },
          "costDifference": "",
          "compatibilityNotes": "Listed as acceptable manufacturer for in-line centrifugal fans"
        },
        {
          "manufacturer": "American Coolair",
          "model": "Various models",
          "isBasisOfDesign": false,
          "isListedAlternate": true,
          "representativeInfo": {
            "name": "",
            "company": "",
            "contact": ""
          },
          "costDifference": "",
          "compatibilityNotes": "Listed as acceptable manufacturer for in-line centrifugal fans"
        }
      ]
    },
    {
      "componentType": "Single-Duct VAV Terminal Units",
      "suppliers": [
        {
          "manufacturer": "Price Industries",
          "model": "SDE Series",
          "isBasisOfDesign": true,
          "isListedAlternate": false,
          "representativeInfo": {
            "name": "",
            "company": "",
            "contact": ""
          },
          "costDifference": "",
          "compatibilityNotes": "Models SDE 4 through SDE 14 scheduled for EAV-A through EAV-H units"
        },
        {
          "manufacturer": "Titus",
          "model": "DESV Series",
          "isBasisOfDesign": true,
          "isListedAlternate": false,
          "representativeInfo": {
            "name": "",
            "company": "",
            "contact": ""
          },
          "costDifference": "",
          "compatibilityNotes": "Models DESV 5 through DESV 12 scheduled for VAV-A through VAV-E units"
        },
        {
          "manufacturer": "Anemostat",
          "model": "",
          "isBasisOfDesign": false,
          "isListedAlternate": true,
          "representativeInfo": {
            "name": "",
            "company": "",
            "contact": ""
          },
          "costDifference": "",
          "compatibilityNotes": "Listed as acceptable alternate manufacturer for single duct VAV terminal units"
        },
        {
          "manufacturer": "Metal Aire",
          "model": "",
          "isBasisOfDesign": false,
          "isListedAlternate": true,
          "representativeInfo": {
            "name": "",
            "company": "",
            "contact": ""
          },
          "costDifference": "",
          "compatibilityNotes": "Listed as acceptable alternate manufacturer for single duct VAV terminal units"
        },
        {
          "manufacturer": "Enviro-Tec",
          "model": "",
          "isBasisOfDesign": false,
          "isListedAlternate": true,
          "representativeInfo": {
            "name": "",
            "company": "",
            "contact": ""
          },
          "costDifference": "",
          "compatibilityNotes": "Listed as acceptable alternate manufacturer for single duct VAV terminal units"
        },
        {
          "manufacturer": "Carnes",
          "model": "",
          "isBasisOfDesign": false,
          "isListedAlternate": true,
          "representativeInfo": {
            "name": "",
            "company": "",
            "contact": ""
          },
          "costDifference": "",
          "compatibilityNotes": "Listed as acceptable alternate manufacturer for single duct VAV terminal units"
        },
        {
          "manufacturer": "Krueger",
          "model": "",
          "isBasisOfDesign": false,
          "isListedAlternate": false,
          "representativeInfo": {
            "name": "",
            "company": "",
            "contact": ""
          },
          "costDifference": "",
          "compatibilityNotes": "Suggested additional suitable manufacturer with extensive experience in VAV terminal units"
        },
        {
          "manufacturer": "Young Regulator",
          "model": "",
          "isBasisOfDesign": false,
          "isListedAlternate": false,
          "representativeInfo": {
            "name": "",
            "company": "",
            "contact": ""
          },
          "costDifference": "",
          "compatibilityNotes": "Suggested additional suitable manufacturer specializing in air flow control products"
        }
      ]
    },
    {
      "componentType": "Fan-Powered VAV Terminal Units",
      "suppliers": [
        {
          "manufacturer": "Titus",
          "model": "DTQP",
          "isBasisOfDesign": true,
          "isListedAlternate": false,
          "representativeInfo": {
            "name": "",
            "company": "",
            "contact": ""
          },
          "costDifference": "",
          "compatibilityNotes": "Listed as BoD Manufacturer in mechanical schedules for FPB-A"
        },
        {
          "manufacturer": "Anemostat",
          "model": "",
          "isBasisOfDesign": false,
          "isListedAlternate": true,
          "representativeInfo": {
            "name": "",
            "company": "",
            "contact": ""
          },
          "costDifference": "",
          "compatibilityNotes": "Listed as acceptable manufacturer in Section 23 36 00"
        },
        {
          "manufacturer": "Metal Aire",
          "model": "",
          "isBasisOfDesign": false,
          "isListedAlternate": true,
          "representativeInfo": {
            "name": "",
            "company": "",
            "contact": ""
          },
          "costDifference": "",
          "compatibilityNotes": "Listed as acceptable manufacturer in Section 23 36 00"
        },
        {
          "manufacturer": "Enviro-Tec",
          "model": "",
          "isBasisOfDesign": false,
          "isListedAlternate": true,
          "representativeInfo": {
            "name": "",
            "company": "",
            "contact": ""
          },
          "costDifference": "",
          "compatibilityNotes": "Listed as acceptable manufacturer in Section 23 36 00"
        },
        {
          "manufacturer": "Carnes",
          "model": "",
          "isBasisOfDesign": false,
          "isListedAlternate": true,
          "representativeInfo": {
            "name": "",
            "company": "",
            "contact": ""
          },
          "costDifference": "",
          "compatibilityNotes": "Listed as acceptable manufacturer in Section 23 36 00"
        },
        {
          "manufacturer": "Price Industries",
          "model": "",
          "isBasisOfDesign": false,
          "isListedAlternate": false,
          "representativeInfo": {
            "name": "",
            "company": "",
            "contact": ""
          },
          "costDifference": "",
          "compatibilityNotes": "Additional suitable manufacturer for fan-powered VAV terminal units - known for quality air terminal equipment"
        },
        {
          "manufacturer": "Krueger",
          "model": "",
          "isBasisOfDesign": false,
          "isListedAlternate": false,
          "representativeInfo": {
            "name": "",
            "company": "",
            "contact": ""
          },
          "costDifference": "",
          "compatibilityNotes": "Additional suitable manufacturer for fan-powered VAV terminal units - established in HVAC air distribution products"
        }
      ]
    },
    {
      "componentType": "Electric Baseboard Heaters",
      "suppliers": [
        {
          "manufacturer": "Stelpro",
          "model": "AALUX215077",
          "isBasisOfDesign": true,
          "isListedAlternate": false,
          "representativeInfo": {
            "name": "",
            "company": "",
            "contact": ""
          },
          "costDifference": "",
          "compatibilityNotes": "Listed as BoD Manufacturer in mechanical schedules for EBB units"
        },
        {
          "manufacturer": "Marley Engineered Products",
          "model": "2500 Series",
          "isBasisOfDesign": false,
          "isListedAlternate": true,
          "representativeInfo": {
            "name": "",
            "company": "",
            "contact": ""
          },
          "costDifference": "0%",
          "compatibilityNotes": "Wall or ceiling mounted electric baseboard heaters with similar specifications to basis of design"
        },
        {
          "manufacturer": "Cadet Manufacturing",
          "model": "Softheat Series",
          "isBasisOfDesign": false,
          "isListedAlternate": true,
          "representativeInfo": {
            "name": "",
            "company": "",
            "contact": ""
          },
          "costDifference": "0%",
          "compatibilityNotes": "Low profile electric baseboard heaters suitable for similar applications"
        },
        {
          "manufacturer": "King Electric",
          "model": "K Series",
          "isBasisOfDesign": false,
          "isListedAlternate": false,
          "representativeInfo": {
            "name": "",
            "company": "",
            "contact": ""
          },
          "costDifference": "+2%",
          "compatibilityNotes": "High-quality electric baseboard heaters with energy-efficient design"
        }
      ]
    },
    {
      "componentType": "Small-Capacity Split-System Air-Conditioners",
      "suppliers": [
        {
          "manufacturer": "Daikin Comfort Technologies (VRV and Mini Split)",
          "model": "FTXV12",
          "isBasisOfDesign": true,
          "isListedAlternate": false,
          "representativeInfo": {
            "name": "",
            "company": "",
            "contact": ""
          },
          "costDifference": "",
          "compatibilityNotes": "Wall-mounted ductless indoor unit as shown in mechanical schedules"
        },
        {
          "manufacturer": "Daikin Comfort Technologies (VRV and Mini Split)",
          "model": "FTXV18",
          "isBasisOfDesign": true,
          "isListedAlternate": false,
          "representativeInfo": {
            "name": "",
            "company": "",
            "contact": ""
          },
          "costDifference": "",
          "compatibilityNotes": "Wall-mounted ductless indoor unit as shown in mechanical schedules"
        },
        {
          "manufacturer": "Daikin Comfort Technologies (VRV and Mini Split)",
          "model": "FTXV24",
          "isBasisOfDesign": true,
          "isListedAlternate": false,
          "representativeInfo": {
            "name": "",
            "company": "",
            "contact": ""
          },
          "costDifference": "",
          "compatibilityNotes": "Wall-mounted ductless indoor unit as shown in mechanical schedules"
        },
        {
          "manufacturer": "Daikin Comfort Technologies (VRV and Mini Split)",
          "model": "FCA30",
          "isBasisOfDesign": true,
          "isListedAlternate": false,
          "representativeInfo": {
            "name": "",
            "company": "",
            "contact": ""
          },
          "costDifference": "",
          "compatibilityNotes": "Indoor unit as shown in mechanical schedules"
        },
        {
          "manufacturer": "Daikin Applied",
          "model": "RXTQ36TBVJUA",
          "isBasisOfDesign": true,
          "isListedAlternate": false,
          "representativeInfo": {
            "name": "",
            "company": "",
            "contact": ""
          },
          "costDifference": "",
          "compatibilityNotes": "Split system air conditioner as shown in mechanical schedules"
        },
        {
          "manufacturer": "Trane",
          "model": "",
          "isBasisOfDesign": false,
          "isListedAlternate": true,
          "representativeInfo": {
            "name": "",
            "company": "",
            "contact": ""
          },
          "costDifference": "",
          "compatibilityNotes": "Acceptable manufacturer per Section 23 81 26 specifications"
        },
        {
          "manufacturer": "Carrier",
          "model": "",
          "isBasisOfDesign": false,
          "isListedAlternate": true,
          "representativeInfo": {
            "name": "",
            "company": "",
            "contact": ""
          },
          "costDifference": "",
          "compatibilityNotes": "Acceptable manufacturer per Section 23 81 26 specifications"
        },
        {
          "manufacturer": "York",
          "model": "",
          "isBasisOfDesign": false,
          "isListedAlternate": true,
          "representativeInfo": {
            "name": "",
            "company": "",
            "contact": ""
          },
          "costDifference": "",
          "compatibilityNotes": "Acceptable manufacturer per Section 23 81 26 specifications"
        },
        {
          "manufacturer": "LG Electronics",
          "model": "",
          "isBasisOfDesign": false,
          "isListedAlternate": false,
          "representativeInfo": {
            "name": "",
            "company": "",
            "contact": ""
          },
          "costDifference": "+3%",
          "compatibilityNotes": "Suitable alternative for ductless split system applications with similar performance characteristics"
        },
        {
          "manufacturer": "Mitsubishi",
          "model": "",
          "isBasisOfDesign": false,
          "isListedAlternate": false,
          "representativeInfo": {
            "name": "",
            "company": "",
            "contact": ""
          },
          "costDifference": "+5%",
          "compatibilityNotes": "High-efficiency alternative for VRF and mini-split applications with advanced inverter technology"
        }
      ]
    },
    {
      "componentType": "Split System Air Conditioners",
      "suppliers": [
        {
          "manufacturer": "Daikin Comfort Technologies (VRV and Mini Split)",
          "model": "FTXV12",
          "isBasisOfDesign": true,
          "isListedAlternate": false,
          "representativeInfo": {
            "name": "",
            "company": "",
            "contact": ""
          },
          "costDifference": "",
          "compatibilityNotes": "Basis of Design as listed in equipment schedules and BuildVision dashboard"
        },
        {
          "manufacturer": "Daikin Comfort Technologies (VRV and Mini Split)",
          "model": "FTXV18",
          "isBasisOfDesign": true,
          "isListedAlternate": false,
          "representativeInfo": {
            "name": "",
            "company": "",
            "contact": ""
          },
          "costDifference": "",
          "compatibilityNotes": "Basis of Design as listed in equipment schedules and BuildVision dashboard"
        },
        {
          "manufacturer": "Daikin Comfort Technologies (VRV and Mini Split)",
          "model": "FTXV24",
          "isBasisOfDesign": true,
          "isListedAlternate": false,
          "representativeInfo": {
            "name": "",
            "company": "",
            "contact": ""
          },
          "costDifference": "",
          "compatibilityNotes": "Basis of Design as listed in equipment schedules and BuildVision dashboard"
        },
        {
          "manufacturer": "Daikin Comfort Technologies (VRV and Mini Split)",
          "model": "FCA30",
          "isBasisOfDesign": true,
          "isListedAlternate": false,
          "representativeInfo": {
            "name": "",
            "company": "",
            "contact": ""
          },
          "costDifference": "",
          "compatibilityNotes": "Basis of Design as listed in equipment schedules and BuildVision dashboard"
        },
        {
          "manufacturer": "Daikin Applied",
          "model": "RXTQ36TBVJUA",
          "isBasisOfDesign": true,
          "isListedAlternate": false,
          "representativeInfo": {
            "name": "",
            "company": "",
            "contact": ""
          },
          "costDifference": "",
          "compatibilityNotes": "Basis of Design as listed in equipment schedules and BuildVision dashboard"
        },
        {
          "manufacturer": "Daikin",
          "model": "Various Models",
          "isBasisOfDesign": false,
          "isListedAlternate": true,
          "representativeInfo": {
            "name": "",
            "company": "",
            "contact": ""
          },
          "costDifference": "",
          "compatibilityNotes": "Listed as acceptable manufacturer in specifications Section 23 81 26"
        },
        {
          "manufacturer": "Trane",
          "model": "Various Models",
          "isBasisOfDesign": false,
          "isListedAlternate": true,
          "representativeInfo": {
            "name": "",
            "company": "",
            "contact": ""
          },
          "costDifference": "",
          "compatibilityNotes": "Listed as acceptable manufacturer in specifications Section 23 81 26"
        },
        {
          "manufacturer": "Carrier",
          "model": "Various Models",
          "isBasisOfDesign": false,
          "isListedAlternate": true,
          "representativeInfo": {
            "name": "",
            "company": "",
            "contact": ""
          },
          "costDifference": "",
          "compatibilityNotes": "Listed as acceptable manufacturer in specifications Section 23 81 26"
        },
        {
          "manufacturer": "York",
          "model": "Various Models",
          "isBasisOfDesign": false,
          "isListedAlternate": true,
          "representativeInfo": {
            "name": "",
            "company": "",
            "contact": ""
          },
          "costDifference": "",
          "compatibilityNotes": "Listed as acceptable manufacturer in specifications Section 23 81 26"
        },
        {
          "manufacturer": "LG",
          "model": "Various Models",
          "isBasisOfDesign": false,
          "isListedAlternate": true,
          "representativeInfo": {
            "name": "",
            "company": "",
            "contact": ""
          },
          "costDifference": "",
          "compatibilityNotes": "Listed as acceptable manufacturer for VRF systems in specifications Section 23 81 29"
        },
        {
          "manufacturer": "Mitsubishi",
          "model": "Various Models",
          "isBasisOfDesign": false,
          "isListedAlternate": true,
          "representativeInfo": {
            "name": "",
            "company": "",
            "contact": ""
          },
          "costDifference": "",
          "compatibilityNotes": "Listed as acceptable manufacturer for VRF systems in specifications Section 23 81 29"
        },
        {
          "manufacturer": "Fujitsu",
          "model": "Various Models",
          "isBasisOfDesign": false,
          "isListedAlternate": false,
          "representativeInfo": {
            "name": "",
            "company": "",
            "contact": ""
          },
          "costDifference": "+3%",
          "compatibilityNotes": "Alternative manufacturer suitable for split system applications with similar efficiency ratings"
        }
      ]
    }
  ],
  "buildVisionRecommendations": [
    {
      "id": 1,
      "recommendation": "Implement Unified Equipment Standardization Program",
      "rationale": "The project shows reliance on multiple suppliers across equipment categories (Daikin Applied, Titus, Price Industries, etc.). Standardizing on fewer qualified suppliers would reduce spare parts inventory, simplify maintenance training, leverage volume purchasing power, and ensure better warranty coordination. Single-source suppliers often provide better long-term support and faster service response.",
      "estimatedImpact": "Significant reduction in total cost of ownership through decreased maintenance complexity, improved warranty leverage, and substantial cost savings on spare parts inventory over the facility's lifespan",
      "implementation": "Conduct supplier consolidation analysis to identify primary and backup suppliers for each equipment category. Negotiate volume discounts and extended warranties with selected partners. Develop standardized equipment specifications that multiple qualified suppliers can meet. Establish preferred supplier agreements with performance metrics.",
      "priority": "High"
    },
    {
      "id": 2,
      "recommendation": "Establish Strategic Equipment Pre-Qualification and Performance Verification Program",
      "rationale": "The specifications include multiple acceptable manufacturers but lack clear performance verification protocols. Pre-qualifying equipment through third-party testing and establishing performance benchmarks ensures reliability, reduces change order risks, and provides leverage for warranty claims. This is particularly critical for complex systems like VRF units and packaged rooftop equipment.",
      "estimatedImpact": "Meaningful reduction in equipment failures, change orders, and warranty disputes while improving operational reliability and energy efficiency performance",
      "implementation": "Develop equipment pre-qualification criteria including performance testing requirements, manufacturer financial stability assessment, and local service capability verification. Require performance bonds for major equipment items. Establish factory inspection protocols and acceptance testing procedures.",
      "priority": "High"
    },
    {
      "id": 3,
      "recommendation": "Optimize Long-Lead Equipment Procurement Timing",
      "rationale": "Critical equipment items like packaged rooftop units, VRF systems, and specialized dehumidification equipment typically have extended lead times. Early procurement commitment with phased delivery schedules can reduce costs, ensure availability, and provide better manufacturer support. The specifications indicate factory testing and custom configurations that require extended manufacturing time.",
      "estimatedImpact": "Moderate cost savings through early procurement discounts and avoidance of expediting fees, while reducing schedule risk and ensuring equipment availability",
      "implementation": "Develop equipment procurement timeline identifying long-lead items requiring early commitment. Negotiate flexible delivery schedules with milestone-based payments. Establish equipment storage and protection protocols. Coordinate with construction schedule to optimize delivery timing.",
      "priority": "Medium"
    },
    {
      "id": 4,
      "recommendation": "Implement Comprehensive Equipment Lifecycle Cost Analysis",
      "rationale": "The project includes sophisticated HVAC systems with varying efficiency levels and maintenance requirements. Conducting detailed lifecycle cost analysis considering energy consumption, maintenance costs, replacement schedules, and warranty terms will optimize long-term value. This is especially important for continuously operating equipment like supply fans and heat pumps.",
      "estimatedImpact": "Significant long-term operational cost savings through optimized equipment selection based on total cost of ownership rather than initial purchase price",
      "implementation": "Develop lifecycle cost models incorporating energy costs, maintenance requirements, equipment lifespan, and replacement costs. Require manufacturers to provide detailed maintenance schedules and costs. Evaluate higher-efficiency options against standard efficiency based on total ownership costs.",
      "priority": "Medium"
    },
    {
      "id": 5,
      "recommendation": "Establish Equipment Service and Support Capability Requirements",
      "rationale": "The specifications require local service availability but lack specific performance criteria. Establishing clear service response times, parts availability requirements, and technician certification standards ensures reliable operation and minimizes downtime. This is critical for specialized equipment like natatorium dehumidifiers and VRF systems.",
      "estimatedImpact": "Meaningful improvement in equipment uptime and reduced emergency service costs through guaranteed service response and parts availability",
      "implementation": "Define service level agreements including maximum response times, parts inventory requirements within specified radius, and certified technician availability. Require service capability demonstrations and financial guarantees. Establish service performance monitoring and penalty structures.",
      "priority": "Medium"
    }
  ],
  "conclusion": {
    "summary": "This comprehensive analysis of the St. John's University Basketball Training Facility HVAC equipment procurement strategy reveals a complex multi-vendor environment featuring sophisticated systems including VRF technology, specialized natatorium dehumidification, packaged rooftop heat pumps with energy recovery, and extensive VAV terminal systems. The project encompasses approximately 150 individual equipment items across 17 distinct equipment categories, with Daikin serving as the primary basis of design manufacturer for critical systems. While the specifications provide adequate alternate manufacturer options, successful procurement requires careful attention to vendor qualification, lead time management, service capability verification, and lifecycle cost optimization to ensure project success and long-term operational efficiency.",
    "keyFindings": [
      "Multi-vendor complexity with 17 distinct equipment categories requiring coordination between Daikin Applied, Daikin Comfort Technologies, Dectron, Greenheck, LF Systems, Price Industries, Titus, Stelpro, and Indeeco manufacturers",
      "Specialized natatorium equipment with unique procurement requirements including Dectron dehumidification systems and remote dry coolers that may have extended lead times and limited local service support",
      "Extensive VRF system deployment requiring careful refrigerant piping design, factory commissioning support, and specialized installation expertise that limits qualified contractors",
      "Energy recovery and high-efficiency requirements throughout the project that may impact equipment availability and require performance verification testing",
      "Complex integration requirements between VRF systems, packaged rooftop units, and terminal equipment that necessitate careful manufacturer coordination and sequencing"
    ],
    "highestPriorityActions": [
      "Immediately engage with Daikin representatives to confirm equipment availability, lead times, and factory support for VRF systems and packaged rooftop units given the September 2025 project start date",
      "Conduct pre-qualification assessment of all basis of design manufacturers focusing on local service capabilities, parts availability, and financial stability particularly for specialized equipment like Dectron natatorium systems",
      "Establish equipment procurement timeline with early commitment deadlines for long-lead items including packaged rooftop units, VRF outdoor units, and natatorium dehumidification equipment",
      "Verify contractor qualifications and certifications required for VRF installation, refrigerant handling, and specialized commissioning to avoid delays and ensure warranty compliance"
    ]
  }
}
