{
  "suppliers": [
    {
      "componentType": "DOAS with Energy Recovery",
      "suppliers": [
        {
          "manufacturer": "Daikin Applied",
          "model": "DHSA031",
          "isBasisOfDesign": true,
          "isListedAlternate": false,
          "representativeInfo": {
            "name": "",
            "company": "",
            "contact": ""
          },
          "costDifference": "",
          "compatibilityNotes": "Basis of Design manufacturer listed on mechanical schedules for DOAS with Energy Recovery equipment tags ASHP-2-1, ASHP-2-2, ASHP-2-3"
        },
        {
          "manufacturer": "Nortek - Governaire",
          "model": "",
          "isBasisOfDesign": false,
          "isListedAlternate": true,
          "representativeInfo": {
            "name": "",
            "company": "",
            "contact": ""
          },
          "costDifference": "",
          "compatibilityNotes": "Listed as acceptable manufacturer in specifications for packaged rooftop heat pumps with energy recovery"
        },
        {
          "manufacturer": "Seasons 4",
          "model": "",
          "isBasisOfDesign": false,
          "isListedAlternate": true,
          "representativeInfo": {
            "name": "",
            "company": "",
            "contact": ""
          },
          "costDifference": "",
          "compatibilityNotes": "Listed as acceptable manufacturer in specifications for packaged rooftop heat pumps with energy recovery"
        },
        {
          "manufacturer": "Engineered Air",
          "model": "",
          "isBasisOfDesign": false,
          "isListedAlternate": true,
          "representativeInfo": {
            "name": "",
            "company": "",
            "contact": ""
          },
          "costDifference": "",
          "compatibilityNotes": "Listed as acceptable manufacturer in specifications for packaged rooftop heat pumps with energy recovery"
        },
        {
          "manufacturer": "Energy Labs",
          "model": "",
          "isBasisOfDesign": false,
          "isListedAlternate": true,
          "representativeInfo": {
            "name": "",
            "company": "",
            "contact": ""
          },
          "costDifference": "",
          "compatibilityNotes": "Listed as acceptable manufacturer in specifications for packaged rooftop heat pumps with energy recovery"
        },
        {
          "manufacturer": "Greenheck",
          "model": "",
          "isBasisOfDesign": false,
          "isListedAlternate": false,
          "representativeInfo": {
            "name": "",
            "company": "",
            "contact": ""
          },
          "costDifference": "",
          "compatibilityNotes": "Suggested alternate - established manufacturer of air handling equipment with energy recovery capabilities"
        },
        {
          "manufacturer": "Trane",
          "model": "",
          "isBasisOfDesign": false,
          "isListedAlternate": false,
          "representativeInfo": {
            "name": "",
            "company": "",
            "contact": ""
          },
          "costDifference": "",
          "compatibilityNotes": "Suggested alternate - major HVAC manufacturer with comprehensive DOAS and energy recovery product lines"
        }
      ]
    },
    {
      "componentType": "Air-Source Unitary Heat Pumps",
      "suppliers": [
        {
          "manufacturer": "Daikin Applied",
          "model": "DPSH25B",
          "isBasisOfDesign": true,
          "isListedAlternate": false,
          "representativeInfo": {
            "name": "",
            "company": "",
            "contact": ""
          },
          "costDifference": "",
          "compatibilityNotes": "Basis of Design for Air-Source Unitary Heat Pumps as shown on mechanical schedules"
        },
        {
          "manufacturer": "Nortek - Governaire",
          "model": "",
          "isBasisOfDesign": false,
          "isListedAlternate": true,
          "representativeInfo": {
            "name": "",
            "company": "",
            "contact": ""
          },
          "costDifference": "",
          "compatibilityNotes": "Listed as approved manufacturer in Section 23 74 00"
        },
        {
          "manufacturer": "Seasons 4",
          "model": "",
          "isBasisOfDesign": false,
          "isListedAlternate": true,
          "representativeInfo": {
            "name": "",
            "company": "",
            "contact": ""
          },
          "costDifference": "",
          "compatibilityNotes": "Listed as approved manufacturer in Section 23 74 00"
        },
        {
          "manufacturer": "Engineered Air",
          "model": "",
          "isBasisOfDesign": false,
          "isListedAlternate": true,
          "representativeInfo": {
            "name": "",
            "company": "",
            "contact": ""
          },
          "costDifference": "",
          "compatibilityNotes": "Listed as approved manufacturer in Section 23 74 00"
        },
        {
          "manufacturer": "Energy Labs",
          "model": "",
          "isBasisOfDesign": false,
          "isListedAlternate": true,
          "representativeInfo": {
            "name": "",
            "company": "",
            "contact": ""
          },
          "costDifference": "",
          "compatibilityNotes": "Listed as approved manufacturer in Section 23 74 00"
        },
        {
          "manufacturer": "Trane",
          "model": "",
          "isBasisOfDesign": false,
          "isListedAlternate": false,
          "representativeInfo": {
            "name": "",
            "company": "",
            "contact": ""
          },
          "costDifference": "+3%",
          "compatibilityNotes": "Suitable alternative manufacturer with proven track record in packaged rooftop heat pumps"
        },
        {
          "manufacturer": "Carrier",
          "model": "",
          "isBasisOfDesign": false,
          "isListedAlternate": false,
          "representativeInfo": {
            "name": "",
            "company": "",
            "contact": ""
          },
          "costDifference": "+2%",
          "compatibilityNotes": "Well-established manufacturer with compatible rooftop heat pump units"
        },
        {
          "manufacturer": "York",
          "model": "",
          "isBasisOfDesign": false,
          "isListedAlternate": false,
          "representativeInfo": {
            "name": "",
            "company": "",
            "contact": ""
          },
          "costDifference": "+4%",
          "compatibilityNotes": "Alternative manufacturer offering similar performance specifications"
        }
      ]
    },
    {
      "componentType": "Liquid Coolers",
      "suppliers": [
        {
          "manufacturer": "Dectron",
          "model": "NG-V-01",
          "isBasisOfDesign": true,
          "isListedAlternate": false,
          "representativeInfo": {
            "name": "",
            "company": "",
            "contact": ""
          },
          "costDifference": "",
          "compatibilityNotes": "Liquid cooler for natatorium dehumidification system with 25.7 MBH cooling capacity, 16.7 MBH sensible capacity"
        },
        {
          "manufacturer": "Baltimore Aircoil",
          "model": "BAC Liquid Cooler",
          "isBasisOfDesign": false,
          "isListedAlternate": true,
          "representativeInfo": {
            "name": "",
            "company": "",
            "contact": ""
          },
          "costDifference": "",
          "compatibilityNotes": "Alternative liquid cooler suitable for fluid cooling applications with glycol loops"
        },
        {
          "manufacturer": "EVAPCO",
          "model": "ATC/ALS Series",
          "isBasisOfDesign": false,
          "isListedAlternate": false,
          "representativeInfo": {
            "name": "",
            "company": "",
            "contact": ""
          },
          "costDifference": "",
          "compatibilityNotes": "Fluid cooler for closed circuit cooling systems, compatible with EWT 40°F-115°F operating range"
        },
        {
          "manufacturer": "SPX Cooling Technologies",
          "model": "Marley Fluid Cooler",
          "isBasisOfDesign": false,
          "isListedAlternate": false,
          "representativeInfo": {
            "name": "",
            "company": "",
            "contact": ""
          },
          "costDifference": "",
          "compatibilityNotes": "Dry cooler suitable for heat rejection applications in VRF and dehumidification systems"
        }
      ]
    },
    {
      "componentType": "Dehumidifiers",
      "suppliers": [
        {
          "manufacturer": "Dectron",
          "model": "DS-010-NP",
          "isBasisOfDesign": true,
          "isListedAlternate": false,
          "representativeInfo": {
            "name": "",
            "company": "",
            "contact": ""
          },
          "costDifference": "",
          "compatibilityNotes": "Indoor fluid cooled natatorium dehumidifier with remote dry cooler"
        },
        {
          "manufacturer": "Phoenix",
          "model": "",
          "isBasisOfDesign": false,
          "isListedAlternate": true,
          "representativeInfo": {
            "name": "",
            "company": "",
            "contact": ""
          },
          "costDifference": "",
          "compatibilityNotes": "Listed as acceptable manufacturer in general exhaust VAV box specification"
        },
        {
          "manufacturer": "Desert Aire",
          "model": "",
          "isBasisOfDesign": false,
          "isListedAlternate": false,
          "representativeInfo": {
            "name": "",
            "company": "",
            "contact": ""
          },
          "costDifference": "+5%",
          "compatibilityNotes": "Well-known natatorium dehumidification specialist with similar capacity units available"
        },
        {
          "manufacturer": "Munters",
          "model": "",
          "isBasisOfDesign": false,
          "isListedAlternate": false,
          "representativeInfo": {
            "name": "",
            "company": "",
            "contact": ""
          },
          "costDifference": "+8%",
          "compatibilityNotes": "Global leader in humidity control with suitable pool dehumidification systems"
        },
        {
          "manufacturer": "Bry-Air",
          "model": "",
          "isBasisOfDesign": false,
          "isListedAlternate": false,
          "representativeInfo": {
            "name": "",
            "company": "",
            "contact": ""
          },
          "costDifference": "+3%",
          "compatibilityNotes": "Industrial dehumidification manufacturer with pool environment solutions"
        }
      ]
    },
    {
      "componentType": "Variable Refrigerant Flow Systems",
      "suppliers": [
        {
          "manufacturer": "Daikin Comfort Technologies (VRV and Mini Split)",
          "model": "VRV System (Various Models)",
          "isBasisOfDesign": true,
          "isListedAlternate": false,
          "representativeInfo": {
            "name": "",
            "company": "",
            "contact": ""
          },
          "costDifference": "",
          "compatibilityNotes": "Listed as BoD Manufacturer in mechanical schedules for VRF equipment tags AC-A through CU-E"
        },
        {
          "manufacturer": "LG",
          "model": "",
          "isBasisOfDesign": false,
          "isListedAlternate": true,
          "representativeInfo": {
            "name": "",
            "company": "",
            "contact": ""
          },
          "costDifference": "",
          "compatibilityNotes": "Listed as acceptable manufacturer in VRF specifications Section 23 81 29"
        },
        {
          "manufacturer": "Mitsubishi",
          "model": "",
          "isBasisOfDesign": false,
          "isListedAlternate": true,
          "representativeInfo": {
            "name": "",
            "company": "",
            "contact": ""
          },
          "costDifference": "",
          "compatibilityNotes": "Listed as acceptable manufacturer in VRF specifications Section 23 81 29"
        },
        {
          "manufacturer": "Toshiba",
          "model": "",
          "isBasisOfDesign": false,
          "isListedAlternate": true,
          "representativeInfo": {
            "name": "",
            "company": "",
            "contact": ""
          },
          "costDifference": "",
          "compatibilityNotes": "Listed as acceptable manufacturer in VRF specifications Section 23 81 29"
        },
        {
          "manufacturer": "Carrier",
          "model": "",
          "isBasisOfDesign": false,
          "isListedAlternate": false,
          "representativeInfo": {
            "name": "",
            "company": "",
            "contact": ""
          },
          "costDifference": "+3%",
          "compatibilityNotes": "Major VRF manufacturer with similar product offerings and performance capabilities"
        },
        {
          "manufacturer": "Johnson Controls/York",
          "model": "",
          "isBasisOfDesign": false,
          "isListedAlternate": false,
          "representativeInfo": {
            "name": "",
            "company": "",
            "contact": ""
          },
          "costDifference": "+2%",
          "compatibilityNotes": "Established manufacturer with VRF systems suitable for commercial applications"
        }
      ]
    },
    {
      "componentType": "VRF Indoor Units - Ducted",
      "suppliers": [
        {
          "manufacturer": "Daikin Comfort Technologies (VRV and Mini Split)",
          "model": "FXZA09AAVJU",
          "isBasisOfDesign": true,
          "isListedAlternate": false,
          "representativeInfo": {
            "name": "",
            "company": "",
            "contact": ""
          },
          "costDifference": "",
          "compatibilityNotes": "Listed as BoD in dashboard for unit AC-C"
        },
        {
          "manufacturer": "Daikin Comfort Technologies (VRV and Mini Split)",
          "model": "FXMA48",
          "isBasisOfDesign": true,
          "isListedAlternate": false,
          "representativeInfo": {
            "name": "",
            "company": "",
            "contact": ""
          },
          "costDifference": "",
          "compatibilityNotes": "Listed as BoD in dashboard for unit AC-X"
        },
        {
          "manufacturer": "LG",
          "model": "",
          "isBasisOfDesign": false,
          "isListedAlternate": true,
          "representativeInfo": {
            "name": "",
            "company": "",
            "contact": ""
          },
          "costDifference": "",
          "compatibilityNotes": "Listed as acceptable manufacturer in VRF specifications Section 23 81 29"
        },
        {
          "manufacturer": "Mitsubishi",
          "model": "",
          "isBasisOfDesign": false,
          "isListedAlternate": true,
          "representativeInfo": {
            "name": "",
            "company": "",
            "contact": ""
          },
          "costDifference": "",
          "compatibilityNotes": "Listed as acceptable manufacturer in VRF specifications Section 23 81 29"
        },
        {
          "manufacturer": "Toshiba",
          "model": "",
          "isBasisOfDesign": false,
          "isListedAlternate": true,
          "representativeInfo": {
            "name": "",
            "company": "",
            "contact": ""
          },
          "costDifference": "",
          "compatibilityNotes": "Listed as acceptable manufacturer in VRF specifications Section 23 81 29"
        },
        {
          "manufacturer": "Carrier",
          "model": "",
          "isBasisOfDesign": false,
          "isListedAlternate": false,
          "representativeInfo": {
            "name": "",
            "company": "",
            "contact": ""
          },
          "costDifference": "+3%",
          "compatibilityNotes": "Suitable alternative for VRF indoor ducted units with comparable performance characteristics"
        },
        {
          "manufacturer": "Fujitsu General",
          "model": "",
          "isBasisOfDesign": false,
          "isListedAlternate": false,
          "representativeInfo": {
            "name": "",
            "company": "",
            "contact": ""
          },
          "costDifference": "+2%",
          "compatibilityNotes": "Alternative manufacturer offering VRF ducted indoor units with similar specifications"
        }
      ]
    },
    {
      "componentType": "Centrifugal HVAC Fans",
      "suppliers": [
        {
          "manufacturer": "LF Systems",
          "model": "LES008",
          "isBasisOfDesign": true,
          "isListedAlternate": false,
          "representativeInfo": {
            "name": "",
            "company": "",
            "contact": ""
          },
          "costDifference": "",
          "compatibilityNotes": "Listed as Basis of Design for DEX-2-1 in project dashboard and scheduled equipment"
        },
        {
          "manufacturer": "Greenheck",
          "model": "Variable based on specifications",
          "isBasisOfDesign": false,
          "isListedAlternate": true,
          "representativeInfo": {
            "name": "",
            "company": "",
            "contact": ""
          },
          "costDifference": "",
          "compatibilityNotes": "Listed as acceptable manufacturer for in-line centrifugal fans and laundry exhaust systems"
        },
        {
          "manufacturer": "Cook",
          "model": "Variable based on specifications",
          "isBasisOfDesign": false,
          "isListedAlternate": true,
          "representativeInfo": {
            "name": "",
            "company": "",
            "contact": ""
          },
          "costDifference": "",
          "compatibilityNotes": "Listed as acceptable manufacturer for in-line centrifugal fans and rooftop mushroom fans"
        },
        {
          "manufacturer": "Twin City",
          "model": "Variable based on specifications",
          "isBasisOfDesign": false,
          "isListedAlternate": false,
          "representativeInfo": {
            "name": "",
            "company": "",
            "contact": ""
          },
          "costDifference": "",
          "compatibilityNotes": "High quality centrifugal fan manufacturer suitable for HVAC applications with AMCA certification capability"
        },
        {
          "manufacturer": "Aerovent",
          "model": "Variable based on specifications",
          "isBasisOfDesign": false,
          "isListedAlternate": false,
          "representativeInfo": {
            "name": "",
            "company": "",
            "contact": ""
          },
          "costDifference": "",
          "compatibilityNotes": "Established centrifugal fan manufacturer with suitable products for commercial HVAC applications"
        }
      ]
    },
    {
      "componentType": "HVAC Fans",
      "suppliers": [
        {
          "manufacturer": "LF Systems",
          "model": "LES008",
          "isBasisOfDesign": true,
          "isListedAlternate": false,
          "representativeInfo": {
            "name": "",
            "company": "",
            "contact": ""
          },
          "costDifference": "",
          "compatibilityNotes": "Centrifugal HVAC Fan as shown in BuildVision dashboard for equipment tag DEX-2-1"
        },
        {
          "manufacturer": "Greenheck",
          "model": "CUE-100HP-VG",
          "isBasisOfDesign": true,
          "isListedAlternate": false,
          "representativeInfo": {
            "name": "",
            "company": "",
            "contact": ""
          },
          "costDifference": "",
          "compatibilityNotes": "HVAC Fan as shown in BuildVision dashboard for equipment tag EF2-1"
        },
        {
          "manufacturer": "Cook",
          "model": "Various models",
          "isBasisOfDesign": false,
          "isListedAlternate": true,
          "representativeInfo": {
            "name": "",
            "company": "",
            "contact": ""
          },
          "costDifference": "",
          "compatibilityNotes": "Listed as acceptable manufacturer for in-line centrifugal fans and rooftop mushroom fans"
        },
        {
          "manufacturer": "Trane",
          "model": "Various models",
          "isBasisOfDesign": false,
          "isListedAlternate": true,
          "representativeInfo": {
            "name": "",
            "company": "",
            "contact": ""
          },
          "costDifference": "",
          "compatibilityNotes": "Listed as acceptable manufacturer for in-line centrifugal fans"
        },
        {
          "manufacturer": "Aerovent",
          "model": "Various models",
          "isBasisOfDesign": false,
          "isListedAlternate": true,
          "representativeInfo": {
            "name": "",
            "company": "",
            "contact": ""
          },
          "costDifference": "",
          "compatibilityNotes": "Listed as acceptable manufacturer for in-line centrifugal fans"
        },
        {
          "manufacturer": "Carrier",
          "model": "Various models",
          "isBasisOfDesign": false,
          "isListedAlternate": true,
          "representativeInfo": {
            "name": "",
            "company": "",
            "contact": ""
          },
          "costDifference": "",
          "compatibilityNotes": "Listed as acceptable manufacturer for in-line centrifugal fans and rooftop mushroom fans"
        },
        {
          "manufacturer": "Twin City",
          "model": "Various models",
          "isBasisOfDesign": false,
          "isListedAlternate": true,
          "representativeInfo": {
            "name": "",
            "company": "",
            "contact": ""
          },
          "costDifference": "",
          "compatibilityNotes": "Listed as acceptable manufacturer for in-line centrifugal fans"
        },
        {
          "manufacturer": "American Coolair",
          "model": "Various models",
          "isBasisOfDesign": false,
          "isListedAlternate": true,
          "representativeInfo": {
            "name": "",
            "company": "",
            "contact": ""
          },
          "costDifference": "",
          "compatibilityNotes": "Listed as acceptable manufacturer for in-line centrifugal fans"
        }
      ]
    },
    {
      "componentType": "Single-Duct VAV Terminal Units",
      "suppliers": [
        {
          "manufacturer": "Price Industries",
          "model": "SDE Series",
          "isBasisOfDesign": true,
          "isListedAlternate": false,
          "representativeInfo": {
            "name": "",
            "company": "",
            "contact": ""
          },
          "costDifference": "",
          "compatibilityNotes": "Models SDE 4 through SDE 14 scheduled for EAV-A through EAV-H units"
        },
        {
          "manufacturer": "Titus",
          "model": "DESV Series",
          "isBasisOfDesign": true,
          "isListedAlternate": false,
          "representativeInfo": {
            "name": "",
            "company": "",
            "contact": ""
          },
          "costDifference": "",
          "compatibilityNotes": "Models DESV 5 through DESV 12 scheduled for VAV-A through VAV-E units"
        },
        {
          "manufacturer": "Anemostat",
          "model": "",
          "isBasisOfDesign": false,
          "isListedAlternate": true,
          "representativeInfo": {
            "name": "",
            "company": "",
            "contact": ""
          },
          "costDifference": "",
          "compatibilityNotes": "Listed as acceptable alternate manufacturer for single duct VAV terminal units"
        },
        {
          "manufacturer": "Metal Aire",
          "model": "",
          "isBasisOfDesign": false,
          "isListedAlternate": true,
          "representativeInfo": {
            "name": "",
            "company": "",
            "contact": ""
          },
          "costDifference": "",
          "compatibilityNotes": "Listed as acceptable alternate manufacturer for single duct VAV terminal units"
        },
        {
          "manufacturer": "Enviro-Tec",
          "model": "",
          "isBasisOfDesign": false,
          "isListedAlternate": true,
          "representativeInfo": {
            "name": "",
            "company": "",
            "contact": ""
          },
          "costDifference": "",
          "compatibilityNotes": "Listed as acceptable alternate manufacturer for single duct VAV terminal units"
        },
        {
          "manufacturer": "Carnes",
          "model": "",
          "isBasisOfDesign": false,
          "isListedAlternate": true,
          "representativeInfo": {
            "name": "",
            "company": "",
            "contact": ""
          },
          "costDifference": "",
          "compatibilityNotes": "Listed as acceptable alternate manufacturer for single duct VAV terminal units"
        },
        {
          "manufacturer": "Krueger",
          "model": "",
          "isBasisOfDesign": false,
          "isListedAlternate": false,
          "representativeInfo": {
            "name": "",
            "company": "",
            "contact": ""
          },
          "costDifference": "",
          "compatibilityNotes": "Suggested additional suitable manufacturer with extensive experience in VAV terminal units"
        },
        {
          "manufacturer": "Young Regulator",
          "model": "",
          "isBasisOfDesign": false,
          "isListedAlternate": false,
          "representativeInfo": {
            "name": "",
            "company": "",
            "contact": ""
          },
          "costDifference": "",
          "compatibilityNotes": "Suggested additional suitable manufacturer specializing in air flow control products"
        }
      ]
    },
    {
      "componentType": "Fan-Powered VAV Terminal Units",
      "suppliers": [
        {
          "manufacturer": "Titus",
          "model": "DTQP",
          "isBasisOfDesign": true,
          "isListedAlternate": false,
          "representativeInfo": {
            "name": "",
            "company": "",
            "contact": ""
          },
          "costDifference": "",
          "compatibilityNotes": "Listed as BoD Manufacturer in mechanical schedules for FPB-A"
        },
        {
          "manufacturer": "Anemostat",
          "model": "",
          "isBasisOfDesign": false,
          "isListedAlternate": true,
          "representativeInfo": {
            "name": "",
            "company": "",
            "contact": ""
          },
          "costDifference": "",
          "compatibilityNotes": "Listed as acceptable manufacturer in Section 23 36 00"
        },
        {
          "manufacturer": "Metal Aire",
          "model": "",
          "isBasisOfDesign": false,
          "isListedAlternate": true,
          "representativeInfo": {
            "name": "",
            "company": "",
            "contact": ""
          },
          "costDifference": "",
          "compatibilityNotes": "Listed as acceptable manufacturer in Section 23 36 00"
        },
        {
          "manufacturer": "Enviro-Tec",
          "model": "",
          "isBasisOfDesign": false,
          "isListedAlternate": true,
          "representativeInfo": {
            "name": "",
            "company": "",
            "contact": ""
          },
          "costDifference": "",
          "compatibilityNotes": "Listed as acceptable manufacturer in Section 23 36 00"
        },
        {
          "manufacturer": "Carnes",
          "model": "",
          "isBasisOfDesign": false,
          "isListedAlternate": true,
          "representativeInfo": {
            "name": "",
            "company": "",
            "contact": ""
          },
          "costDifference": "",
          "compatibilityNotes": "Listed as acceptable manufacturer in Section 23 36 00"
        },
        {
          "manufacturer": "Price Industries",
          "model": "",
          "isBasisOfDesign": false,
          "isListedAlternate": false,
          "representativeInfo": {
            "name": "",
            "company": "",
            "contact": ""
          },
          "costDifference": "",
          "compatibilityNotes": "Additional suitable manufacturer for fan-powered VAV terminal units - known for quality air terminal equipment"
        },
        {
          "manufacturer": "Krueger",
          "model": "",
          "isBasisOfDesign": false,
          "isListedAlternate": false,
          "representativeInfo": {
            "name": "",
            "company": "",
            "contact": ""
          },
          "costDifference": "",
          "compatibilityNotes": "Additional suitable manufacturer for fan-powered VAV terminal units - established in HVAC air distribution products"
        }
      ]
    },
    {
      "componentType": "Electric Baseboard Heaters",
      "suppliers": [
        {
          "manufacturer": "Stelpro",
          "model": "AALUX215077",
          "isBasisOfDesign": true,
          "isListedAlternate": false,
          "representativeInfo": {
            "name": "",
            "company": "",
            "contact": ""
          },
          "costDifference": "",
          "compatibilityNotes": "Listed as BoD Manufacturer in mechanical schedules for EBB units"
        },
        {
          "manufacturer": "Marley Engineered Products",
          "model": "2500 Series",
          "isBasisOfDesign": false,
          "isListedAlternate": true,
          "representativeInfo": {
            "name": "",
            "company": "",
            "contact": ""
          },
          "costDifference": "0%",
          "compatibilityNotes": "Wall or ceiling mounted electric baseboard heaters with similar specifications to basis of design"
        },
        {
          "manufacturer": "Cadet Manufacturing",
          "model": "Softheat Series",
          "isBasisOfDesign": false,
          "isListedAlternate": true,
          "representativeInfo": {
            "name": "",
            "company": "",
            "contact": ""
          },
          "costDifference": "0%",
          "compatibilityNotes": "Low profile electric baseboard heaters suitable for similar applications"
        },
        {
          "manufacturer": "King Electric",
          "model": "K Series",
          "isBasisOfDesign": false,
          "isListedAlternate": false,
          "representativeInfo": {
            "name": "",
            "company": "",
            "contact": ""
          },
          "costDifference": "+2%",
          "compatibilityNotes": "High-quality electric baseboard heaters with energy-efficient design"
        }
      ]
    },
    {
      "componentType": "Small-Capacity Split-System Air-Conditioners",
      "suppliers": [
        {
          "manufacturer": "Daikin Comfort Technologies (VRV and Mini Split)",
          "model": "FTXV12",
          "isBasisOfDesign": true,
          "isListedAlternate": false,
          "representativeInfo": {
            "name": "",
            "company": "",
            "contact": ""
          },
          "costDifference": "",
          "compatibilityNotes": "Wall-mounted ductless indoor unit as shown in mechanical schedules"
        },
        {
          "manufacturer": "Daikin Comfort Technologies (VRV and Mini Split)",
          "model": "FTXV18",
          "isBasisOfDesign": true,
          "isListedAlternate": false,
          "representativeInfo": {
            "name": "",
            "company": "",
            "contact": ""
          },
          "costDifference": "",
          "compatibilityNotes": "Wall-mounted ductless indoor unit as shown in mechanical schedules"
        },
        {
          "manufacturer": "Daikin Comfort Technologies (VRV and Mini Split)",
          "model": "FTXV24",
          "isBasisOfDesign": true,
          "isListedAlternate": false,
          "representativeInfo": {
            "name": "",
            "company": "",
            "contact": ""
          },
          "costDifference": "",
          "compatibilityNotes": "Wall-mounted ductless indoor unit as shown in mechanical schedules"
        },
        {
          "manufacturer": "Daikin Comfort Technologies (VRV and Mini Split)",
          "model": "FCA30",
          "isBasisOfDesign": true,
          "isListedAlternate": false,
          "representativeInfo": {
            "name": "",
            "company": "",
            "contact": ""
          },
          "costDifference": "",
          "compatibilityNotes": "Indoor unit as shown in mechanical schedules"
        },
        {
          "manufacturer": "Daikin Applied",
          "model": "RXTQ36TBVJUA",
          "isBasisOfDesign": true,
          "isListedAlternate": false,
          "representativeInfo": {
            "name": "",
            "company": "",
            "contact": ""
          },
          "costDifference": "",
          "compatibilityNotes": "Split system air conditioner as shown in mechanical schedules"
        },
        {
          "manufacturer": "Trane",
          "model": "",
          "isBasisOfDesign": false,
          "isListedAlternate": true,
          "representativeInfo": {
            "name": "",
            "company": "",
            "contact": ""
          },
          "costDifference": "",
          "compatibilityNotes": "Acceptable manufacturer per Section 23 81 26 specifications"
        },
        {
          "manufacturer": "Carrier",
          "model": "",
          "isBasisOfDesign": false,
          "isListedAlternate": true,
          "representativeInfo": {
            "name": "",
            "company": "",
            "contact": ""
          },
          "costDifference": "",
          "compatibilityNotes": "Acceptable manufacturer per Section 23 81 26 specifications"
        },
        {
          "manufacturer": "York",
          "model": "",
          "isBasisOfDesign": false,
          "isListedAlternate": true,
          "representativeInfo": {
            "name": "",
            "company": "",
            "contact": ""
          },
          "costDifference": "",
          "compatibilityNotes": "Acceptable manufacturer per Section 23 81 26 specifications"
        },
        {
          "manufacturer": "LG Electronics",
          "model": "",
          "isBasisOfDesign": false,
          "isListedAlternate": false,
          "representativeInfo": {
            "name": "",
            "company": "",
            "contact": ""
          },
          "costDifference": "+3%",
          "compatibilityNotes": "Suitable alternative for ductless split system applications with similar performance characteristics"
        },
        {
          "manufacturer": "Mitsubishi",
          "model": "",
          "isBasisOfDesign": false,
          "isListedAlternate": false,
          "representativeInfo": {
            "name": "",
            "company": "",
            "contact": ""
          },
          "costDifference": "+5%",
          "compatibilityNotes": "High-efficiency alternative for VRF and mini-split applications with advanced inverter technology"
        }
      ]
    },
    {
      "componentType": "Split System Air Conditioners",
      "suppliers": [
        {
          "manufacturer": "Daikin Comfort Technologies (VRV and Mini Split)",
          "model": "FTXV12",
          "isBasisOfDesign": true,
          "isListedAlternate": false,
          "representativeInfo": {
            "name": "",
            "company": "",
            "contact": ""
          },
          "costDifference": "",
          "compatibilityNotes": "Basis of Design as listed in equipment schedules and BuildVision dashboard"
        },
        {
          "manufacturer": "Daikin Comfort Technologies (VRV and Mini Split)",
          "model": "FTXV18",
          "isBasisOfDesign": true,
          "isListedAlternate": false,
          "representativeInfo": {
            "name": "",
            "company": "",
            "contact": ""
          },
          "costDifference": "",
          "compatibilityNotes": "Basis of Design as listed in equipment schedules and BuildVision dashboard"
        },
        {
          "manufacturer": "Daikin Comfort Technologies (VRV and Mini Split)",
          "model": "FTXV24",
          "isBasisOfDesign": true,
          "isListedAlternate": false,
          "representativeInfo": {
            "name": "",
            "company": "",
            "contact": ""
          },
          "costDifference": "",
          "compatibilityNotes": "Basis of Design as listed in equipment schedules and BuildVision dashboard"
        },
        {
          "manufacturer": "Daikin Comfort Technologies (VRV and Mini Split)",
          "model": "FCA30",
          "isBasisOfDesign": true,
          "isListedAlternate": false,
          "representativeInfo": {
            "name": "",
            "company": "",
            "contact": ""
          },
          "costDifference": "",
          "compatibilityNotes": "Basis of Design as listed in equipment schedules and BuildVision dashboard"
        },
        {
          "manufacturer": "Daikin Applied",
          "model": "RXTQ36TBVJUA",
          "isBasisOfDesign": true,
          "isListedAlternate": false,
          "representativeInfo": {
            "name": "",
            "company": "",
            "contact": ""
          },
          "costDifference": "",
          "compatibilityNotes": "Basis of Design as listed in equipment schedules and BuildVision dashboard"
        },
        {
          "manufacturer": "Daikin",
          "model": "Various Models",
          "isBasisOfDesign": false,
          "isListedAlternate": true,
          "representativeInfo": {
            "name": "",
            "company": "",
            "contact": ""
          },
          "costDifference": "",
          "compatibilityNotes": "Listed as acceptable manufacturer in specifications Section 23 81 26"
        },
        {
          "manufacturer": "Trane",
          "model": "Various Models",
          "isBasisOfDesign": false,
          "isListedAlternate": true,
          "representativeInfo": {
            "name": "",
            "company": "",
            "contact": ""
          },
          "costDifference": "",
          "compatibilityNotes": "Listed as acceptable manufacturer in specifications Section 23 81 26"
        },
        {
          "manufacturer": "Carrier",
          "model": "Various Models",
          "isBasisOfDesign": false,
          "isListedAlternate": true,
          "representativeInfo": {
            "name": "",
            "company": "",
            "contact": ""
          },
          "costDifference": "",
          "compatibilityNotes": "Listed as acceptable manufacturer in specifications Section 23 81 26"
        },
        {
          "manufacturer": "York",
          "model": "Various Models",
          "isBasisOfDesign": false,
          "isListedAlternate": true,
          "representativeInfo": {
            "name": "",
            "company": "",
            "contact": ""
          },
          "costDifference": "",
          "compatibilityNotes": "Listed as acceptable manufacturer in specifications Section 23 81 26"
        },
        {
          "manufacturer": "LG",
          "model": "Various Models",
          "isBasisOfDesign": false,
          "isListedAlternate": true,
          "representativeInfo": {
            "name": "",
            "company": "",
            "contact": ""
          },
          "costDifference": "",
          "compatibilityNotes": "Listed as acceptable manufacturer for VRF systems in specifications Section 23 81 29"
        },
        {
          "manufacturer": "Mitsubishi",
          "model": "Various Models",
          "isBasisOfDesign": false,
          "isListedAlternate": true,
          "representativeInfo": {
            "name": "",
            "company": "",
            "contact": ""
          },
          "costDifference": "",
          "compatibilityNotes": "Listed as acceptable manufacturer for VRF systems in specifications Section 23 81 29"
        },
        {
          "manufacturer": "Fujitsu",
          "model": "Various Models",
          "isBasisOfDesign": false,
          "isListedAlternate": false,
          "representativeInfo": {
            "name": "",
            "company": "",
            "contact": ""
          },
          "costDifference": "+3%",
          "compatibilityNotes": "Alternative manufacturer suitable for split system applications with similar efficiency ratings"
        }
      ]
    }
  ]
}
