{
  "equipmentByType": [
    {
      "equipmentType": "DOAS with Energy Recovery",
      "notes": "Dedicated Outdoor Air Systems with energy recovery functionality",
      "items": [
        {
          "equipmentTag": "ASHP-2-1",
          "manufacturer": "Daikin Applied",
          "model": "DHSA031",
          "specifications": {}
        },
        {
          "equipmentTag": "ASHP-2-2",
          "manufacturer": "Daikin Applied",
          "model": "DHSA031",
          "specifications": {}
        },
        {
          "equipmentTag": "ASHP-2-3",
          "manufacturer": "Daikin Applied",
          "model": "DHSA031",
          "specifications": {}
        }
      ]
    },
    {
      "equipmentType": "Air-Source Unitary Heat Pumps",
      "notes": "Packaged heat pump units for heating and cooling",
      "items": [
        {
          "equipmentTag": "ASHP-2-4",
          "manufacturer": "Daikin Applied",
          "model": "DPSH25B",
          "specifications": {}
        },
        {
          "equipmentTag": "DOAS-2-1",
          "manufacturer": "Daikin Applied",
          "model": "DPSH25B",
          "specifications": {}
        }
      ]
    },
    {
      "equipmentType": "Liquid Coolers",
      "notes": "Cooling equipment for liquid-based systems",
      "items": [
        {
          "equipmentTag": "DCU-2-1",
          "manufacturer": "Dectron",
          "model": "NG-V-01",
          "specifications": {}
        }
      ]
    },
    {
      "equipmentType": "Dehumidifiers",
      "notes": "Humidity control equipment",
      "items": [
        {
          "equipmentTag": "DH-1-1",
          "manufacturer": "Dectron",
          "model": "DS-010-NP",
          "specifications": {}
        }
      ]
    },
    {
      "equipmentType": "Variable Refrigerant Flow Systems",
      "notes": "VRF systems for heating and cooling",
      "items": [
        {
          "equipmentTag": "AC-A",
          "manufacturer": "Daikin Comfort Technologies (VRV and Mini Split)",
          "model": "FXZA05",
          "specifications": {}
        },
        {
          "equipmentTag": "AC-B",
          "manufacturer": "Daikin Comfort Technologies (VRV and Mini Split)",
          "model": "FXZA07",
          "specifications": {}
        },
        {
          "equipmentTag": "AC-F",
          "manufacturer": "Daikin Comfort Technologies (VRV and Mini Split)",
          "model": "FXZA18",
          "specifications": {}
        },
        {
          "equipmentTag": "AC-Y",
          "manufacturer": "Daikin Comfort Technologies (VRV and Mini Split)",
          "model": "FBA24",
          "specifications": {}
        },
        {
          "equipmentTag": "AC-Z",
          "manufacturer": "Daikin Comfort Technologies (VRV and Mini Split)",
          "model": "FXSA12",
          "specifications": {}
        }
      ]
    },
    {
      "equipmentType": "VRF Indoor Units - Ducted",
      "notes": "Ducted indoor units for VRF systems",
      "items": [
        {
          "equipmentTag": "AC-C",
          "manufacturer": "Daikin Comfort Technologies (VRV and Mini Split)",
          "model": "FXZA09AAVJU",
          "specifications": {}
        },
        {
          "equipmentTag": "AC-X",
          "manufacturer": "Daikin Comfort Technologies (VRV and Mini Split)",
          "model": "FXMA48",
          "specifications": {}
        }
      ]
    },
    {
      "equipmentType": "VRF Indoor Units - Ductless",
      "notes": "Ductless indoor units for VRF systems",
      "items": [
        {
          "equipmentTag": "AC-D",
          "manufacturer": "Daikin Comfort Technologies (VRV and Mini Split)",
          "model": "FXZA12",
          "specifications": {}
        },
        {
          "equipmentTag": "AC-E",
          "manufacturer": "Daikin Comfort Technologies (VRV and Mini Split)",
          "model": "FXZA15",
          "specifications": {}
        },
        {
          "equipmentTag": "AC-G",
          "manufacturer": "Daikin Comfort Technologies (VRV and Mini Split)",
          "model": "FXAA18",
          "specifications": {}
        }
      ]
    },
    {
      "equipmentType": "VRF Outdoor Units",
      "notes": "Outdoor condensing units for VRF systems",
      "items": [
        {
          "equipmentTag": "CU-A",
          "manufacturer": "Daikin Comfort Technologies (VRV and Mini Split)",
          "model": "REYA72",
          "specifications": {}
        },
        {
          "equipmentTag": "CU-B",
          "manufacturer": "Daikin Comfort Technologies (VRV and Mini Split)",
          "model": "REYA96",
          "specifications": {}
        },
        {
          "equipmentTag": "CU-C",
          "manufacturer": "Daikin Comfort Technologies (VRV and Mini Split)",
          "model": "REYA144",
          "specifications": {}
        },
        {
          "equipmentTag": "CU-D",
          "manufacturer": "Daikin Comfort Technologies (VRV and Mini Split)",
          "model": "REYA192",
          "specifications": {}
        },
        {
          "equipmentTag": "CU-E",
          "manufacturer": "Daikin Comfort Technologies (VRV and Mini Split)",
          "model": "RXTA24",
          "specifications": {}
        }
      ]
    },
    {
      "equipmentType": "Centrifugal HVAC Fans",
      "notes": "Centrifugal fans for air circulation",
      "items": [
        {
          "equipmentTag": "DEX-2-1",
          "manufacturer": "LF Systems",
          "model": "LES008",
          "specifications": {}
        }
      ]
    },
    {
      "equipmentType": "HVAC Fans",
      "notes": "Various HVAC fans",
      "items": [
        {
          "equipmentTag": "EF2-1",
          "manufacturer": "Greenheck",
          "model": "CUE-100HP-VG",
          "specifications": {}
        }
      ]
    },
    {
      "equipmentType": "Single-Duct VAV Terminal Units",
      "notes": "Variable air volume terminal units for air distribution",
      "items": [
        {
          "equipmentTag": "EAV-A",
          "manufacturer": "Price Industries",
          "model": "SDE 4",
          "specifications": {}
        },
        {
          "equipmentTag": "EAV-B",
          "manufacturer": "Price Industries",
          "model": "SDE 5",
          "specifications": {}
        },
        {
          "equipmentTag": "EAV-C",
          "manufacturer": "Price Industries",
          "model": "SDE 6",
          "specifications": {}
        },
        {
          "equipmentTag": "EAV-D",
          "manufacturer": "Price Industries",
          "model": "SDE 7",
          "specifications": {}
        },
        {
          "equipmentTag": "EAV-E",
          "manufacturer": "Price Industries",
          "model": "SDE 8",
          "specifications": {}
        },
        {
          "equipmentTag": "EAV-F",
          "manufacturer": "Price Industries",
          "model": "SDE 10",
          "specifications": {}
        },
        {
          "equipmentTag": "EAV-G",
          "manufacturer": "Price Industries",
          "model": "SDE 12",
          "specifications": {}
        },
        {
          "equipmentTag": "EAV-H",
          "manufacturer": "Price Industries",
          "model": "SDE 14",
          "specifications": {}
        },
        {
          "equipmentTag": "VAV-A",
          "manufacturer": "Titus",
          "model": "DESV 5",
          "specifications": {}
        },
        {
          "equipmentTag": "VAV-B",
          "manufacturer": "Titus",
          "model": "DESV 6",
          "specifications": {}
        },
        {
          "equipmentTag": "VAV-C",
          "manufacturer": "Titus",
          "model": "DESV 7",
          "specifications": {}
        },
        {
          "equipmentTag": "VAV-D",
          "manufacturer": "Titus",
          "model": "DESV 8",
          "specifications": {}
        },
        {
          "equipmentTag": "VAV-E",
          "manufacturer": "Titus",
          "model": "DESV 12",
          "specifications": {}
        }
      ]
    },
    {
      "equipmentType": "Fan-Powered VAV Terminal Units",
      "notes": "Fan-powered variable air volume terminal units",
      "items": [
        {
          "equipmentTag": "FPB-A",
          "manufacturer": "Titus",
          "model": "DTQP",
          "specifications": {}
        }
      ]
    },
    {
      "equipmentType": "Electric Baseboard Heaters",
      "notes": "Electric baseboard heating units",
      "items": [
        {
          "equipmentTag": "EBB 1-1",
          "manufacturer": "Stelpro",
          "model": "AALUX215077",
          "specifications": {}
        },
        {
          "equipmentTag": "EBB 1-2",
          "manufacturer": "Stelpro",
          "model": "AALUX215077",
          "specifications": {}
        },
        {
          "equipmentTag": "EBB 1-3",
          "manufacturer": "Stelpro",
          "model": "AALUX206038",
          "specifications": {}
        },
        {
          "equipmentTag": "EBB 1-4",
          "manufacturer": "Stelpro",
          "model": "AALUX327227",
          "specifications": {}
        },
        {
          "equipmentTag": "EBB 1-5",
          "manufacturer": "Stelpro",
          "model": "AALUX206038",
          "specifications": {}
        },
        {
          "equipmentTag": "EBB 1-6",
          "manufacturer": "Stelpro",
          "model": "AALUX324207",
          "specifications": {}
        },
        {
          "equipmentTag": "EBB 1-7",
          "manufacturer": "Stelpro",
          "model": "AALUX324207",
          "specifications": {}
        },
        {
          "equipmentTag": "EBB 1-8",
          "manufacturer": "Stelpro",
          "model": "AALUX209047",
          "specifications": {}
        },
        {
          "equipmentTag": "EBB 2-1",
          "manufacturer": "Stelpro",
          "model": "AALUX206038",
          "specifications": {}
        },
        {
          "equipmentTag": "EBB 2-10",
          "manufacturer": "Stelpro",
          "model": "AALUX206038",
          "specifications": {}
        },
        {
          "equipmentTag": "EBB 2-11",
          "manufacturer": "Stelpro",
          "model": "AALUX221107",
          "specifications": {}
        },
        {
          "equipmentTag": "EBB 2-12",
          "manufacturer": "Stelpro",
          "model": "AALUX221107",
          "specifications": {}
        },
        {
          "equipmentTag": "EBB 2-2",
          "manufacturer": "Stelpro",
          "model": "AALUX227137",
          "specifications": {}
        },
        {
          "equipmentTag": "EBB 2-3",
          "manufacturer": "Stelpro",
          "model": "AALUX224127",
          "specifications": {}
        },
        {
          "equipmentTag": "EBB 2-4",
          "manufacturer": "Stelpro",
          "model": "AALUX218097",
          "specifications": {}
        },
        {
          "equipmentTag": "EBB 2-5",
          "manufacturer": "Stelpro",
          "model": "AALUX224127",
          "specifications": {}
        },
        {
          "equipmentTag": "EBB 2-6",
          "manufacturer": "Stelpro",
          "model": "AALUX224127",
          "specifications": {}
        },
        {
          "equipmentTag": "EBB 2-7",
          "manufacturer": "Stelpro",
          "model": "AALUX218097",
          "specifications": {}
        },
        {
          "equipmentTag": "EBB 2-8",
          "manufacturer": "Stelpro",
          "model": "AALUX224127",
          "specifications": {}
        },
        {
          "equipmentTag": "EBB 2-9",
          "manufacturer": "Stelpro",
          "model": "AALUX227137",
          "specifications": {}
        }
      ]
    },
    {
      "equipmentType": "Electric Unit Heaters",
      "notes": "Electric unit heaters for space heating",
      "items": [
        {
          "equipmentTag": "EUH 1-1",
          "manufacturer": "Indeeco",
          "model": "941IF",
          "specifications": {}
        },
        {
          "equipmentTag": "EUH 1-2",
          "manufacturer": "Indeeco",
          "model": "941IF",
          "specifications": {}
        },
        {
          "equipmentTag": "EUH 1-3",
          "manufacturer": "Indeeco",
          "model": "941IF",
          "specifications": {}
        },
        {
          "equipmentTag": "EUH 1-4",
          "manufacturer": "Indeeco",
          "model": "941IF",
          "specifications": {}
        },
        {
          "equipmentTag": "EUH 1-5",
          "manufacturer": "Indeeco",
          "model": "941IF",
          "specifications": {}
        },
        {
          "equipmentTag": "EUH 1-6",
          "manufacturer": "Indeeco",
          "model": "925IU",
          "specifications": {}
        },
        {
          "equipmentTag": "EUH 2-1",
          "manufacturer": "Indeeco",
          "model": "925IU",
          "specifications": {}
        }
      ]
    },
    {
      "equipmentType": "Small-Capacity Split-System Air-Conditioners",
      "notes": "Small split system air conditioning units",
      "items": [
        {
          "equipmentTag": "SS-A",
          "manufacturer": "Daikin Comfort Technologies (VRV and Mini Split)",
          "model": "FTXV12",
          "specifications": {}
        },
        {
          "equipmentTag": "SS-B",
          "manufacturer": "Daikin Comfort Technologies (VRV and Mini Split)",
          "model": "FTXV18",
          "specifications": {}
        },
        {
          "equipmentTag": "SS-C",
          "manufacturer": "Daikin Comfort Technologies (VRV and Mini Split)",
          "model": "FTXV24",
          "specifications": {}
        },
        {
          "equipmentTag": "SS-D",
          "manufacturer": "Daikin Comfort Technologies (VRV and Mini Split)",
          "model": "FCA30",
          "specifications": {}
        }
      ]
    },
    {
      "equipmentType": "Split System Air Conditioners",
      "notes": "Standard split system air conditioning units",
      "items": [
        {
          "equipmentTag": "SS-E",
          "manufacturer": "Daikin Applied",
          "model": "RXTQ36TBVJUA",
          "specifications": {}
        }
      ]
    }
  ]
}
