{
  "reportTitle": "BuildVision Project Report for St. John's University - Basketball Training Facility",
  "customerInformation": {
    "customerName": "Shawmut Design and Construction",
    "contactPerson": "Vimal Patel",
    "contactEmail": "vpatel@shawmut.com",
    "contactPhone": "",
    "projectId": "7de45a75-9cf0-4ba3-934d-354297ea9293",
    "additionalFields": {}
  },
  "projectInformation": {
    "projectName": "St. John's University - Basketball Training Facility",
    "location": "175-02 Union Turnpike, Jamaica, NY 11439",
    "startDate": "9/2/2025",
    "completionDate": "",
    "budget": "",
    "scope": "53800 sq. ft.",
    "projectUrl": "https://app.buildvision.io/admin/organizations/af293d30-3322-4f29-a141-1fabd2927d83/package-projects/7de45a75-9cf0-4ba3-934d-354297ea9293/packages",
    "additionalFields": {
      "projectId": "006.3926.400",
      "contractType": "",
      "bidStatus": "BuildingConnected Lead",
      "dateDue": "5/30/2025",
      "jobWalk": "",
      "rfisDue": "",
      "dateInvited": "6/18/2025",
      "requestType": "Proposal",
      "created": "6/18/2025"
    }
  },
  "preparerInformation": {
    "preparers": [
      {
        "name": "Ben Lyddane",
        "email": "Ben@BuildVision.io",
        "phone": "202-365-8628"
      },
      {
        "name": "Mackenzie Hoover",
        "email": "Mackenzie@buildvision.io",
        "phone": "843-609-3265"
      }
    ],
    "preparationDate": ""
  }
}
