{
  "buildVisionRecommendations": [
    {
      "id": 1,
      "recommendation": "Implement Unified Equipment Standardization Program",
      "rationale": "The project shows reliance on multiple suppliers across equipment categories (Daikin Applied, Titus, Price Industries, etc.). Standardizing on fewer qualified suppliers would reduce spare parts inventory, simplify maintenance training, leverage volume purchasing power, and ensure better warranty coordination. Single-source suppliers often provide better long-term support and faster service response.",
      "estimatedImpact": "Significant reduction in total cost of ownership through decreased maintenance complexity, improved warranty leverage, and substantial cost savings on spare parts inventory over the facility's lifespan",
      "implementation": "Conduct supplier consolidation analysis to identify primary and backup suppliers for each equipment category. Negotiate volume discounts and extended warranties with selected partners. Develop standardized equipment specifications that multiple qualified suppliers can meet. Establish preferred supplier agreements with performance metrics.",
      "priority": "High"
    },
    {
      "id": 2,
      "recommendation": "Establish Strategic Equipment Pre-Qualification and Performance Verification Program",
      "rationale": "The specifications include multiple acceptable manufacturers but lack clear performance verification protocols. Pre-qualifying equipment through third-party testing and establishing performance benchmarks ensures reliability, reduces change order risks, and provides leverage for warranty claims. This is particularly critical for complex systems like VRF units and packaged rooftop equipment.",
      "estimatedImpact": "Meaningful reduction in equipment failures, change orders, and warranty disputes while improving operational reliability and energy efficiency performance",
      "implementation": "Develop equipment pre-qualification criteria including performance testing requirements, manufacturer financial stability assessment, and local service capability verification. Require performance bonds for major equipment items. Establish factory inspection protocols and acceptance testing procedures.",
      "priority": "High"
    },
    {
      "id": 3,
      "recommendation": "Optimize Long-Lead Equipment Procurement Timing",
      "rationale": "Critical equipment items like packaged rooftop units, VRF systems, and specialized dehumidification equipment typically have extended lead times. Early procurement commitment with phased delivery schedules can reduce costs, ensure availability, and provide better manufacturer support. The specifications indicate factory testing and custom configurations that require extended manufacturing time.",
      "estimatedImpact": "Moderate cost savings through early procurement discounts and avoidance of expediting fees, while reducing schedule risk and ensuring equipment availability",
      "implementation": "Develop equipment procurement timeline identifying long-lead items requiring early commitment. Negotiate flexible delivery schedules with milestone-based payments. Establish equipment storage and protection protocols. Coordinate with construction schedule to optimize delivery timing.",
      "priority": "Medium"
    },
    {
      "id": 4,
      "recommendation": "Implement Comprehensive Equipment Lifecycle Cost Analysis",
      "rationale": "The project includes sophisticated HVAC systems with varying efficiency levels and maintenance requirements. Conducting detailed lifecycle cost analysis considering energy consumption, maintenance costs, replacement schedules, and warranty terms will optimize long-term value. This is especially important for continuously operating equipment like supply fans and heat pumps.",
      "estimatedImpact": "Significant long-term operational cost savings through optimized equipment selection based on total cost of ownership rather than initial purchase price",
      "implementation": "Develop lifecycle cost models incorporating energy costs, maintenance requirements, equipment lifespan, and replacement costs. Require manufacturers to provide detailed maintenance schedules and costs. Evaluate higher-efficiency options against standard efficiency based on total ownership costs.",
      "priority": "Medium"
    },
    {
      "id": 5,
      "recommendation": "Establish Equipment Service and Support Capability Requirements",
      "rationale": "The specifications require local service availability but lack specific performance criteria. Establishing clear service response times, parts availability requirements, and technician certification standards ensures reliable operation and minimizes downtime. This is critical for specialized equipment like natatorium dehumidifiers and VRF systems.",
      "estimatedImpact": "Meaningful improvement in equipment uptime and reduced emergency service costs through guaranteed service response and parts availability",
      "implementation": "Define service level agreements including maximum response times, parts inventory requirements within specified radius, and certified technician availability. Require service capability demonstrations and financial guarantees. Establish service performance monitoring and penalty structures.",
      "priority": "Medium"
    }
  ]
}
